Occupancy Name,Address,NFF GPM,Flow Available,OVAP Score
Academy of Okinawan Karate,8875 N Knoxville AVE,0,Insufficient,0
,"Peoria, IL 61615",,,
the former Napoli's Pizza,2200 W War Memorial DR,196,Sufficient,29.46
,#DU19A,,,
,"Peoria, IL 61613",,,
(Office w/ Unkown name),701 Main ST,452,Sufficient,29.46
,#7,,,
,"Peoria, IL 61602",,,
(vacant mercantile),2200 W War Memorial DR,163,Sufficient,21.02
,#DU08,,,
,"Peoria, IL 61613",,,
1505 on the Avenue Apartments,1505 N Peoria AVE,1764,Sufficient,39.11
,"Peoria, IL 61603",,,
311 SW Water,311 SW Water ST,1018,Sufficient,33
,"Peoria, IL 61603",,,
401 Management Office,401 SW Water ST,134,Sufficient,31.53
,#201,,,
,"Peoria, IL 61602",,,
401 Water - CAFE 401,401 SW Water ST,164,Sufficient,30.31
,#102,,,
,Building #102,,,
,"Peoria, IL 61602",,,
401 Water - Hodges Loizzi Eisenhammer,401 SW Water ST,329,Sufficient,30.55
,#106,,,
,"Peoria, IL 61602",,,
401 Water - VOLT,401 SW Water ST,636,Sufficient,27.13
,#101,,,
,"Peoria, IL 61602",,,
5 Senses,5037 W American Prairie DR,493,Sufficient,27.26
,"Peoria, IL 61615",,,
8 Bit Beercade,100 State ST,785,Insufficient,0
,#A,,,
,"Peoria, IL 61602",,,
A WORLD OF WINGS,1024 W MAIN ST,805,Sufficient,37.03
,"PEORIA, IL 61606",,,
AAIM Employers Association,401 SW Water ST,268,Sufficient,28.23
,"Peoria, IL 61602",,,
AAMCO Transmissions,512 NE Jefferson AVE,2766,Insufficient,47.07
,"Peoria, IL 61603",,,
Aaron Simmons State Farm,318 W McClure,889,Sufficient,31.17
,"Peoria, IL 61604",,,
Abes Carmel corn,4700 N University ST,0,Insufficient,0
,#11,,,
,Building #11,,,
,"Peoria, IL 61614",,,
Academy of Awards,701 Main ST,0,Insufficient,0
,#3,,,
,"Peoria, IL 61602",,,
Accel Entertainment,921 W Detweiller DR,882,Sufficient,24.08
,"Peoria, IL 61615",,,
ACPM Podiatry Group LTD,5017 N Glen Park PL,405,Sufficient,33.37
,"Peoria, IL 61614",,,
ADVANCE AUTO PARTS,8412 N Knoxville AVE,675,Insufficient,32.27
,"Peoria, IL 61615",,,
ADVANCED MEDICAL Home Care,4918 N SHERIDAN,986,Insufficient,0
,"Peoria, IL 61614",,,
Advanced Technology Recycle,8202 N University ST,1559,Sufficient,30.31
,"Peoria, IL 61614",,,
Advantage Auto Sales,814 W Main ST,900,Insufficient,31.41
,"Peoria, IL 61606",,,
Aerie,2200 W War Memorial DR,472,Sufficient,30.31
,"Peoria, IL 61613",,,
Aeropostale,2200 W War Memorial DR,471,Sufficient,30.56
,#B106,,,
,"Peoria, IL 61613",,,
aesthetique,6745 N Frostwood PKY,0,Insufficient,0
,"Peoria, IL 61615",,,
Alcast,8820 N Pioneer RD,836,Sufficient,33.8
,"Peoria, IL 61615",,,
ALCAST,8728 N Pioneer RD,656,Sufficient,29.45
,"Peoria, IL 61615",,,
Aldi #10,3420 N University ST,1675,Insufficient,30.8
,"Peoria, IL 61614",,,
Aldi #70,9129 N Allen RD,1800,Sufficient,26.4
,"Peoria, IL 61615",,,
Alexander Street Steakhouse,100 Alexander AVE,2036,Insufficient,32.51
,"Peoria, IL 61603",,,
ALLIED LOCK AND SAFE,4919 N SHERIDAN,0,Insufficient,0
,"Peoria, IL 61614",,,
Alpha Chi Omega,1525 W Fredonia AVE,839,Sufficient,19.67
,"Peoria, IL 61606",,,
Alpha Epsilon Pi,1309 W Fredonia AVE,158,Sufficient,16.22
,"Peoria, IL 61606",,,
Alter Ego Hair Salon,4530 N Brandywine DR,1082,Insufficient,36.05
,#E,,,
,"Peoria, IL 61614",,,
American Cancer Society,"Peoria, IL 61614",795,Sufficient,25.67
American Eagle Outfitters,2200 W War Memorial DR,566,Sufficient,31.66
,#DU12A,,,
,"Peoria, IL 61613",,,
AMERICAN FAMILY INSURANCE,4917 N SHERIDAN,0,Insufficient,0
,"PEORIA, IL 61614",,,
American Red Cross,405 W John H Gwynn Jr AVE,1479,Insufficient,33.33
,"Peoria, IL 61605",,,
American Red Cross,311 W John H Gwynn Jr AVE,1423,Sufficient,28.36
,"Peoria, IL 61605",,,
AmeriCash,5012 N Big Hollow RD,407,Sufficient,33
,#A,,,
,"Peoria, IL 61614",,,
Americinn,9106 N Lindbergh DR,3607,Insufficient,36.06
,"Peoria, IL 61615",,,
Amy's on Adams,4201 SW Adams ST,697,Sufficient,27.5
,"Peoria, IL 61605",,,
Anchors Away,4100 W Willow Knolls DR,414,Sufficient,33.98
,#C-12,,,
,"Peoria, IL 61615",,,
Angela's Candy,456 Fulton ST,31,Sufficient,20.17
,"Peoria, IL 61602",,,
Apartments At Grand Prairie,5400 W Sienna LN,540,Sufficient,27.5
,Building #Club House,,,
,"Peoria, IL 61615",,,
Apartments At Grand Prairie,5400 W Sienna LN,1743,Sufficient,29.55
,Building #1000,,,
,"Peoria, IL 61615",,,
Apartments At Grand Prairie,5400 W Sienna LN,1743,Sufficient,29.55
,Building #3000,,,
,"Peoria, IL 61615",,,
Apartments At Grand Prairie,5400 W Sienna LN,1743,Sufficient,29.55
,Building #2000,,,
,"Peoria, IL 61615",,,
Apartments At Grand Prairie,5400 W Sienna LN,1743,Sufficient,29.55
,Building #4000,,,
,"Peoria, IL 61615",,,
Apartments At Grand Prairie,5400 W Sienna LN,1743,Sufficient,32.55
,Building #5000,,,
,"Peoria, IL 61615",,,
Apartments At Grand Prairie,5400 W Sienna LN,1743,Sufficient,29.55
,Building #6000,,,
,"Peoria, IL 61615",,,
Apollo Theater,311 Main ST,4909,Insufficient,39.48
,#E,,,
,"Peoria, IL 61602",,,
Applebee's Neighborhood Grill & Bar,3929 W War Memorial DR,652,Sufficient,25.3
,"Peoria, IL 61604",,,
Applianace Distributors Inc.,8320 N University ST,1754,Sufficient,27.87
,"Peoria, IL 61614",,,
Aspen Bluffs Apartments,3604 W Marengo DR,1173,Insufficient,28.33
,"Peoria, IL 61615",,,
Aspen Bluffs Apartments,3620 W Verona CT,1372,Insufficient,29.33
,"Peoria, IL 61604",,,
Aspen Bluffs Apartments,2605 N Lavalle CT,1372,Insufficient,29.33
,"Peoria, IL 61604",,,
Aspen Bluffs Apartments,2629 N Lavalle CT,1372,Insufficient,30.33
,"Peoria, IL 61604",,,
Aspen Bluffs Apartments,2604 N Lavalle CT,1372,Insufficient,30.33
,"Peoria, IL 61604",,,
Aspen Bluffs Apartments,2626 N Lavalle CT,1372,Insufficient,30.33
,"Peoria, IL 61604",,,
Associated Bank,2311 W Pioneer PKY,0,Insufficient,0
,"Peoria, IL 61615",,,
Associated Bank,2311 W Pioneer PKY,342,Sufficient,20.66
,"Peoria, IL 61615",,,
Associated Family Dental,3100 N Dries LN,0,Insufficient,0
,#301,,,
,"Peoria, IL 61604",,,
AT&T,5012 N Big Hollow RD,982,Sufficient,36.06
,"Peoria, IL 61614",,,
ATS Boost Mobile,516 Spring ST,547,Sufficient,29.09
,"Peoria, IL 61603",,,
Auntie Anne's,2200 W War Memorial DR,221,Sufficient,28.36
,#DU14B,,,
,"Peoria, IL 61613",,,
Aurelio's Pizza,3821 N Sterling AVE,1506,Sufficient,35.2
,"Peoria, IL 61604",,,
AV Performance Innovations,6523 N Galena RD,382,Sufficient,27.87
,"Peoria, IL 61614",,,
Avanti's Ristorante,8517 N Knoxville AVE,820,Sufficient,27.74
,"Peoria, IL 61603",,,
Azteca Mexican Restaurant,319 Main ST,1065,Sufficient,39.6
,"Peoria, IL 61602",,,
B'Nai B'Rith Covenant,215 W Sam J Stone AVE,3765,Insufficient,36.78
,"Peoria, IL 61605",,,
Back Store,2200 W War Memorial DR,549,Sufficient,30.56
,#B107B,,,
,"Peoria, IL 61613",,,
Barbershop,1100 SW Jefferson AVE,342,Sufficient,27.01
,"Peoria, IL 61605",,,
Barnabas Center,1821 N Knoxville AVE,1479,Sufficient,33.61
,"Peoria, IL 61603",,,
Barry's Barber Shop,615 W Glen AVE,0,Insufficient,0
,"Peoria, IL 61614",,,
Basket Case,610 W Main ST,624,Sufficient,33
,"Peoria, IL 61606",,,
Baskin Robins,4125 N Sheridan RD,312,Sufficient,26.52
,#4,,,
,Building #4,,,
,"Peoria, IL 61614",,,
Bathroom's Plus,7024 N University,1010,Insufficient,39.07
,"Peoria, IL 61614",,,
Baymont Inn & Suites,2002 W War Memorial DR,2848,Insufficient,34.96
,"Peoria, IL 61614",,,
BDI Industrial Supply,613 W lake AVE,900,Sufficient,31.29
,"peoria, IL 61614",,,
Bearded Owl Brewing,112 State ST,636,Sufficient,34.96
,#A,,,
,"Peoria, IL 61602",,,
Beer 30,2422 N Knoxville AVE,831,Sufficient,36.3
,"Peoria, IL 61603",,,
Behr Iron & Metal,2424 W Clark ST,606,Sufficient,22
,"Peoria, IL 61605",,,
Benningfield and Associates,1524 W Glen AVE,1338,Insufficient,0
,"Peoria, IL 61614",,,
Benson's Automotive,2453 N Knoxville AVE,602,Sufficient,26.4
,"Peoria, IL 61603",,,
Bensons-Maytag,4510 N Brandywine DR,1905,Sufficient,31.66
,"Peoria, IL 61614",,,
Berlin,627 Main ST,805,Sufficient,31.29
,"Peoria, IL 61602",,,
"Biaggi""s",2601 W Lake AVE,558,Sufficient,28.6
,"Peoria, IL 61614",,,
Big Al's Speak Easy,400 SW Jefferson AVE,1972,Sufficient,27.5
,"Peoria, IL 61605",,,
Big Hollow Convenient,6023 N Big Hollow RD,1138,Insufficient,31.9
,"Peoria, IL 61614",,,
Big Lots,3013 N Sterling,1273,Insufficient,31.53
,"Peoria, IL 61604",,,
Big Top TAT2,1009 N Sheridan RD,1097,Sufficient,26.33
,"Peoria, IL 61614",,,
Blondies,619 W Main ST,889,Sufficient,34.1
,"Peoria, IL 61606",,,
Blue Margarita's Mexican Bar & Grill,9010 N Allen RD,1221,Sufficient,36.3
,"Peoria, IL 61615",,,
Bob Lindsay Acura,7500 N Allen RD,587,Sufficient,25.3
,"Peoria, IL 61614",,,
Bogies Bar & Grill,3000 N Sterling AVE,2561,Insufficient,40.7
,"Peoria, IL 61604",,,
Boost Mobile,2200 W War Memorial DR,236,Sufficient,29.46
,#DU17C,,,
,"Peoria, IL 61613",,,
Bradford Woods,6900 N Summershade CIR,739,Sufficient,30.33
,Building #Club House,,,
,"Peoria, IL 61615",,,
Bradford Woods,6800 N Summershade CIR,2191,Insufficient,29.67
,"Peoria, IL 61615",,,
Bradford Woods,6700 N Summershade CIR,2191,Insufficient,30.33
,"Peoria, IL 61615",,,
Bradford Woods,6710 N Summershade CIR,2082,Insufficient,29.33
,"Peoria, IL 61615",,,
Bradford Woods,6720 N Summershade CIR,2191,Insufficient,30.33
,"Peoria, IL 61615",,,
Bradford Woods,6730 N Summershade CIR,2191,Insufficient,30.33
,"Peoria, IL 61615",,,
Bradford Woods,5000 W Bradford Woods CIR,2191,Insufficient,30.33
,"Peoria, IL 61615",,,
Bradford Woods,5100 W Bradford Woods CIR,2191,Insufficient,30.33
,"Peoria, IL 61615",,,
Bradford Woods,5020 W Bradford Woods CIR,2191,Insufficient,30.33
,"Peoria, IL 61615",,,
Bradford Woods,5010 W Bradford Woods CIR,2191,Insufficient,30.33
,"Peoria, IL 61615",,,
BRANDED COUNTRY WEAR,4923 N SHERIDAN,717,Sufficient,24.08
,"PEORIA, IL 61614",,,
Brandywine Crossing,4010 N Brandywine DR,3818,Insufficient,28.78
,Building #1,,,
,"Peoria, IL 61614",,,
Brandywine Crossing,4010 N Brandywine DR,3818,Insufficient,29.55
,Building #2,,,
,"Peoria, IL 61614",,,
Brandywine Crossing,4010 N Brandywine DR,3818,Insufficient,28.55
,Building #3,,,
,"Peoria, IL 61614",,,
Brandywine Crossing,4010 N Brandywine DR,3818,Insufficient,28.55
,Building #4,,,
,"Peoria, IL 61614",,,
Brandywine Crossing,4010 N Brandywine DR,3818,Insufficient,28.55
,Building #5,,,
,"Peoria, IL 61614",,,
Brandywine Crossing,4010 N Brandywine DR,3818,Insufficient,28.55
,Building #6,,,
,"Peoria, IL 61614",,,
Brandywine Crossing,4010 N Brandywine DR,3818,Insufficient,28.55
,Building #12,,,
,"Peoria, IL 61614",,,
Brandywine Crossing,4010 N Brandywine DR,3818,Insufficient,28.55
,Building #7,,,
,"Peoria, IL 61614",,,
Brandywine Crossing,4010 N Brandywine DR,3818,Insufficient,28.55
,Building #8,,,
,"Peoria, IL 61614",,,
Brandywine Crossing,4010 N Brandywine DR,3818,Insufficient,28.55
,Building #9,,,
,"Peoria, IL 61614",,,
Brandywine Crossing,4010 N Brandywine DR,3818,Insufficient,28.55
,Building #10,,,
,"Peoria, IL 61614",,,
Brandywine Crossing,4010 N Brandywine DR,3818,Insufficient,28.55
,Building #13,,,
,"Peoria, IL 61614",,,
Brasky's,9901 N Knoxville AVE,906,Sufficient,34.34
,"Peoria, IL 61603",,,
Brian Cohen MDSC,2127 SW Jefferson AVE,1082,Sufficient,22.49
,"Peoria, IL 61605",,,
Brow Art 23,2200 W War Memorial DR,223,Sufficient,30.56
,#CU12,,,
,"Peoria, IL 61613",,,
Buckle,2200 W War Memorial DR,532,Sufficient,31.66
,#BU 02A,,,
,"Peoria, IL 61613",,,
Buffalo Wild Wings Grill & Bar,5121 W American Prairie DR,509,Sufficient,28.6
,"Peoria, IL 61615",,,
Build a Bear Workshop,2200 W War Memorial DR,331,Sufficient,29.46
,#A111A,,,
,"Peoria, IL 61613",,,
Bump Boxes,7719 N Pioneer LN,3039,Sufficient,38.5
,"Peoria, IL 61614",,,
Burger Barge III,714 W Lake AVE,739,Sufficient,27.5
,"Peoria, IL 61614",,,
Burke Engineering,114 State ST,279,Sufficient,31.9
,"Peoria, IL 61602",,,
Bushwacker,4700 N University ST,1298,Insufficient,18.67
,"Peoria, IL 61614",,,
C&L Vacuum,2411 N Knoxville AVE,414,Sufficient,25.3
,"Peoria, IL 61603",,,
C'est Ally Nail & Spa,10405 N Centerway ST,483,Sufficient,28.6
,#B,,,
,"Peoria, IL 61615",,,
C.T. Gabert Construction,1323 SW Adams ST,2160,Insufficient,0
,"Peoria, IL 61605",,,
Cameron's Furniture,1311 SW Adams ST,0,Insufficient,0
,"Peoria, IL 61605",,,
Camp Bow Wow,1623 W Pioneer PKY,880,Sufficient,25.05
,"Peoria, IL 61615",,,
Camphill Distribution,1620 W Chanute RD,882,Sufficient,30.68
,#D,,,
,"Peoria, IL 61615",,,
Campustown Liquors,1200 W Main ST,644,Sufficient,33
,"Peoria, IL 61606",,,
Candlewood Suites,5300 W Landens WAY,4185,Sufficient,34.1
,"Peoria, IL 61615",,,
Car Wise,1600 W Pioneer PKY,821,Sufficient,20.53
,"Peoria, IL 61615",,,
Caribbean Tan & Salon,1215 W Main ST,611,Insufficient,31.04
,"Peoria, IL 61606",,,
Carriage Hills Apartments,3400 N Knoxville AVE,1708,Insufficient,34.33
,Building #A,,,
,"Peoria, IL 61603",,,
Carriage Hills Apartments,3400 N Knoxville AVE,1708,Insufficient,32.33
,Building #B,,,
,"Peoria, IL 61603",,,
Carriage Hills Apartments,3400 N Knoxville AVE,1708,Insufficient,35.33
,Building #C,,,
,"Peoria, IL 61603",,,
Carriage Hills Apartments,3400 N Knoxville AVE,1708,Insufficient,33.33
,Building #D,,,
,"Peoria, IL 61603",,,
Carriage Hills Apartments,3400 N Knoxville AVE,1708,Insufficient,33.33
,Building #E,,,
,"Peoria, IL 61603",,,
Carriage Hills Apartments,3400 N Knoxville AVE,1708,Insufficient,33.33
,Building #F,,,
,"Peoria, IL 61603",,,
Casey's General Store,7815 N State Route 91,2121,Sufficient,38.5
,"Peoria, IL 61615",,,
Castle's Patio INN,802 W Loucks AVE,569,Sufficient,31.66
,"Peoria, IL 61604",,,
Catherine's,1405 W Glen AVE,0,Insufficient,0
,"Peoria, IL 61614",,,
Catholic Charities,1825 NE Adams ST,509,Sufficient,27.62
,"Peoria, IL 61603",,,
Catholic Diocese,600 NE Monroe ST,476,Sufficient,26
,"Peoria, IL 61603",,,
Cefcu,200 N Mac Arthur HWY,523,Sufficient,31.9
,"Peoria, IL 61605",,,
Central Fire House,505 NE Monroe ST,1138,Sufficient,25.67
,"Peoria, IL 61603",,,
Central Fixture,215 W McClure,1047,Sufficient,30.8
,"Peoria, IL 61603",,,
Central Illinois Bank,4125 N Sheridan RD,543,Sufficient,24.57
,#2,,,
,"Peoria, IL 61614",,,
Central Illinois Center for the Blind and Visually Impaired,2905 W Garden ST,433,Sufficient,27.13
,"Peoria, IL 61605",,,
Central Illinois Family Eye Care,4203 N Sheridan RD,480,Sufficient,29.21
,#A1-4,,,
,"Peoria, IL 61614",,,
Central Illinois Granite,6523 N Galena RD,1082,Sufficient,33.07
,"Peoria, IL 61614",,,
CENTRAL POOL SUPPLY,1519 W Pioneer PKY,1080,Insufficient,36.67
,"Peoria, IL 61615",,,
Champs Sports,2200 W War Memorial DR,512,Sufficient,30.56
,#CU10,,,
,"Peoria, IL 61613",,,
CHAPIN DAVIS INVESTMENTS,8512 N Knoxville AVE,0,Insufficient,0
,"Peoria, IL 61615",,,
Charles Schwab,7702 N Grand Prairie DR,456,Insufficient,27.38
,#A,,,
,"Peoria, IL 61615",,,
Charlie's Place,123654 SW Jefferson AVE,2846,Insufficient,34.96
,"Peoria, IL 61605",,,
Charlie's Place,123455 SW Adams ST,3622,Insufficient,36.06
,"Peoria, IL 61605",,,
Charlie's Place,12659 NE Adams ST,4050,Insufficient,36.06
,Building #69,,,
,"Peoria, IL 61603",,,
Charlie's Place,5432 NE Adams ST,764,Sufficient,32.76
,Building #123,,,
,"Peoria, IL 61603",,,
Charlotte Russe,2200 W War Memorial DR,546,Sufficient,30.31
,#FL15a,,,
,"Peoria, IL 61613",,,
CHARMAINES PET SPA,5901 N Prospect RD,0,Insufficient,0
,#1,,,
,"Peoria, IL 61614",,,
Charter Oak Primary School,5221 W Timberedge DR,2645,Insufficient,31.53
,"Peoria, IL 61615",,,
Chase Bank Building,411 Hamilton BLVD,11652,Insufficient,36.67
,"Peoria, IL 61602",,,
Check `n Go,9031 N Allen RD,493,Sufficient,31.29
,"Peoria, IL 61615",,,
Chef Moussa,201 E Lake AVE,569,Sufficient,36.18
,"Peoria, IL 61614",,,
Chi Omega,801 N Tobias LN,1157,Insufficient,20.33
,"Peoria, IL 61606",,,
Chick-Fil-A,4518 N Sterling AVE,916,Sufficient,27.01
,"Peoria, IL 61604",,,
Child Evangelism Fellowship,708 E Archer AVE,1909,Insufficient,35.81
,"Peoria, IL 61603",,,
Childers Eatery,5805 N Humboldt AVE,799,Sufficient,29.7
,#5,,,
,"Peoria, IL 61614",,,
Chili's Grill & Bar,4825 N University ST,1028,Sufficient,30.8
,"Peoria, IL 61614",,,
Chipotle Mexican Grill,4512 N Sterling AVE,1364,Sufficient,27.5
,"Peoria, IL 61604",,,
Christ Lutheran School,1311 S Faraday AVE,4999,Insufficient,33
,"Peoria, IL 61605",,,
Christpher & Banks,2200 W War Memorial DR,468,Sufficient,30.56
,#CU09,,,
,"Peoria, IL 61613",,,
Chuck's Towing,2501 SW Washington ST,2105,Insufficient,29.82
,"Peoria, IL 61605",,,
Circle K #123,2427 W Northland AVE,1775,Sufficient,39.6
,"Peoria, IL 61615",,,
Circle K #136,7815 N University ST,1420,Sufficient,39.6
,"Peoria, IL 61614",,,
Circle K 1427,1514 W Hickory Grove RD,3674,Insufficient,45.1
,"Peoria, IL 61615",,,
City Fashion,200 N Mac Arthur HWY,906,Sufficient,33.98
,"Peoria, IL 61605",,,
City Heat,2248 W Glen AVE,935,Sufficient,38.26
,"Peoria, IL 61614",,,
Cityscape Apartments,601 W Remeo B Garrett,1046,Sufficient,26.4
,"Peoria, IL 61605",,,
CJ Signs,4024 SW Adams ST,756,Sufficient,24.32
,"Peoria, IL 61605",,,
CJ's Hair Studio,401 SW Water ST,142,Sufficient,30.56
,#108B,,,
,"Peoria, IL 61602",,,
Claires,2200 W War Memorial DR,292,Sufficient,29.46
,#B103,,,
,"Peoria, IL 61613",,,
Club Envy,1412 SW Jefferson,821,Sufficient,28.6
,"Peoria, IL 61605",,,
Cody's Castle,1100 Greenlawn AVE,720,Sufficient,33
,"Peoria, IL 61605",,,
Cohen Development Co.,406 SW Washington ST,1690,Sufficient,26.89
,"Peoria, IL 61605",,,
Coles Corner Tap,1227 NE Adams ST,1046,Sufficient,32.63
,"Peoria, IL 61603",,,
Comfort Suites,1812 W War Memorial DR,5533,Insufficient,34.96
,"Peoria, IL 61614",,,
COMMERCE BANK,8615 N Knoxville AVE,242,Insufficient,26.4
,"Peoria, IL 61615",,,
Commerce Bank Building,416 Main ST,3159,Insufficient,57.4
,"Peoria, IL 61602",,,
Common Place,514 S Shelly,2053,Sufficient,33.37
,"Peoria, IL 61605",,,
Computer Medics,7209 N Allen RD,684,Sufficient,34.95
,"Peoria, IL 61615",,,
Concordia Lutheran School,2000 W Glen AVE,1238,Sufficient,28.6
,"Peoria, IL 61614",,,
Connect Hearing,2524 W Farrelly AVE,569,Sufficient,36.18
,#F,,,
,"Peoria, IL 61615",,,
Connected,3218 N Dries LN,955,Insufficient,0
,"Peoria, IL 61604",,,
Conoco,3203 SW Adams ST,476,Sufficient,36.06
,"Peoria, IL 61605",,,
Contemporary Arts Center,305 SW Water ST,1080,Sufficient,34.22
,"Peoria, IL 61603",,,
Core Life Eatery,5040 N Big Hollow RD,1266,Sufficient,39.36
,"Peoria, IL 61615",,,
Cottage Care Housekeeping,1217 W Glen AVE,0,Insufficient,0
,"Peoria, IL 61614",,,
Country Financial Insurance,5005 W American Prairie DR,153,Insufficient,0
,"Peoria, IL 61615",,,
Country Inn & Suites,5309 W Landens WAY,2828,Sufficient,30
,"Peoria, IL 61615",,,
Courtyard by Marriott,533 Main ST,6971,Insufficient,46.8
,"Peoria, IL 61602",,,
Courtyard Marriott,1928 W War Memorial DR,2967,Insufficient,36.06
,"Peoria, IL 61614",,,
Cracked Pepper,1108 W Glen,1115,Sufficient,23.71
,"Peoria, IL 61614",,,
Cracked Pepper,3404 NE adams ST,974,Sufficient,35.81
,"peoria, IL 61603",,,
Cracked Pepper Kitchen,3404 NE Adams ST,260,Sufficient,27.13
,"Peoria, IL 61603",,,
Crane & Equipment Corp,512 W John GwynnJr AVE,296,Sufficient,23.96
,"Peoria, IL 61605",,,
Crazy 8,2200 W War Memorial DR,355,Sufficient,30.31
,#FL20A,,,
,"Peoria, IL 61613",,,
Creative Nails,4125 N Sheridan RD,312,Sufficient,24.57
,#12,,,
,"Peoria, IL 61614",,,
Creo Fit,2200 W War Memorial DR,364,Sufficient,29.21
,#BL08,,,
,"Peoria, IL 61613",,,
Crittenton Ctr,442 W John H Gwynn Jr AVE,661,Sufficient,30.56
,"Peoria, IL 61605",,,
CROSS FIT NORTH PEORIA,8002 N Sommer ST,0,Insufficient,0
,"Peoria, IL 61614",,,
Crows Nest,633 E Lake AVE,882,Sufficient,31.53
,"Peoria, IL 61614",,,
Cue Sports College,3221 NE Adams ST,810,Sufficient,36.18
,"Peoria, IL 61603",,,
Culvers,5019 W Holiday DR,530,Insufficient,21.63
,"Peoria, IL 61615",,,
Cursens I,426 E War Memorial DR,1708,Sufficient,31.04
,"Peoria, IL 61614",,,
"Cusack, Patrick DMD MSD",1324 W Northmoor RD,900,Sufficient,33.86
,"Peoria, IL 61614",,,
CVS/Pharmacy,9315 N Lindbergh DR,644,Sufficient,25.3
,"Peoria, IL 61615",,,
CVS/Pharmacy,3015 N Sterling AVE,911,Sufficient,30.8
,"Peoria, IL 61604",,,
CVS/Pharmacy 7797,6820 N Pear Tree LN,744,Sufficient,26.4
,"Peoria, IL 61615",,,
CWS Real Estate,4909 N Glen Park PL,25,Sufficient,22.73
,"Peoria, IL 61614",,,
CxT Roasting Company,309 Main ST,262,Sufficient,39.47
,#B,,,
,"Peoria, IL 61602",,,
Cyd's,5805 N Knoxville AVE,2039,Insufficient,28.36
,"Peoria, IL 61614",,,
Daarul Uloom,4125 W Charter Oak RD,872,Sufficient,24.57
,"Peoria, IL 61615",,,
DAIRY QUEEN,8530 N Knoxville AVE,0,Insufficient,0
,"Peoria, IL 61615",,,
Dairy Queen,7600 N Grand Prairie DR,1146,Sufficient,31.41
,"Peoria, IL 61615",,,
Dan's Tow Bar,1923 SW Adams ST,1146,Sufficient,33
,"Peoria, IL 61605",,,
Dave's Garage,2408 N Knoxville AVE,1046,Sufficient,34.83
,"Peoria, IL 61603",,,
Daves Bar,901 S Shelley ST,1146,Sufficient,34.1
,"Peoria, IL 61605",,,
"David Woodruff, DDS",2015 W Glen,0,Insufficient,0
,"Peoria, IL 61614",,,
Delta Tau Delta,1520 W Bradley AVE,872,Sufficient,23.33
,"Peoria, IL 61606",,,
Delta Upsilon,1318 W Fredonia AVE,1090,Insufficient,23.33
,"Peoria, IL 61606",,,
Dental Arts lab,241 NE Perry AVE,3240,Insufficient,33.61
,"Peoria, IL 61603",,,
Designer Tile and Stone,6523 N Galena RD,1082,Sufficient,30.27
,"Peoria, IL 61614",,,
Detweiller Golf Course,8412 N Galena,242,Sufficient,26.77
,"Peoria, IL 61614",,,
Detweiller Marina,2 Caroline ST,359,Sufficient,21.27
,"Peoria, IL 61602",,,
Diesel,629 Main ST,450,Sufficient,37.4
,"Peoria, IL 61602",,,
discount medical supplies,6738 N Frostwood PKY,285,Sufficient,27.26
,"Peoria, IL 61615",,,
Dixie Rose Country Cabaret,104 South ST,697,Sufficient,34.1
,"Peoria, IL 61605",,,
Doggie Stylez Pet Groomer,210 Morton,68,Sufficient,20.29
,"Peoria, IL 61606",,,
Dollar General,3419 N prospect RD,1102,Sufficient,31.29
,"peoria, IL 61603",,,
Dollar Tree,2411 W Pioneer PKY,540,Sufficient,29.46
,"Peoria, IL 61615",,,
Domino's Pizza,3320 N prospect RD,649,Sufficient,31.04
,"peoria, IL 61603",,,
Dominos,10408 N Centerway DR,212,Sufficient,29.21
,#H,,,
,"Peoria, IL 61615",,,
Donlan Dental,843 W Glen,1146,Insufficient,27.74
,"Peoria, IL 61614",,,
Donna's,456 Fulton CT,57,Sufficient,17.97
,#1690,,,
,"Peoria, IL 61602",,,
Donnelly's Pub,4501 N Rockwood RD,1046,Insufficient,0
,"Peoria, IL 61604",,,
Double A's Pizza Pub,7301 N Radnor RD,360,Sufficient,24.2
,"Peoria, IL 61615",,,
Dozer Park,730 SW Jefferson AVE,2184,Insufficient,25.18
,"Peoria, IL 61605",,,
DR JOHN GYSIN EYECARE,5901 N Prospect RD,0,Insufficient,0
,#11,,,
,"Peoria, IL 61614",,,
Dr Rashid & Dr Putnam Plastic Surgery,804 W Trailcreek DR,865,Insufficient,0
,"Peoria, IL 61615",,,
"Dr. Isabelle Reed, DDS",2514 W Scenic,846,Insufficient,30.8
,"Peoria, IL 61615",,,
Dream,2205 SW Washington ST,1791,Sufficient,36.3
,"Peoria, IL 61605",,,
Dream Center,714 Hamilton BLVD,2700,Insufficient,37.2
,"Peoria, IL 61603",,,
Duffy's,1900 W Antoinette ST,569,Sufficient,34.1
,"Peoria, IL 61605",,,
DUNKIN DONUTS,8209 N Knoxville AVE,1207,Insufficient,35.57
,"Peoria, IL 61615",,,
Easter Seals,507 E Armstrong AVE,1423,Sufficient,28.36
,"Peoria, IL 61603",,,
Econo Lodge,4244 N Brandywine DR,2396,Insufficient,33.86
,"Peoria, IL 61614",,,
Edge,5832 N Knoxville AVE,1257,Insufficient,37.4
,#K,,,
,"Peoria, IL 61614",,,
El Vista Baptist School,6301 N Syler ST,4677,Insufficient,36.06
,"Peoria, IL 61615",,,
Elevate Trampoline,8800 N Allen RD,1147,Sufficient,35.81
,"Peoria, IL 61615",,,
Elizabeth Street Apartments,414 W Elizabeth ST,5051,Insufficient,33
,"Peoria, IL 61606",,,
Elks Lodge #483,1101 SW Jefferson AVE,2002,Sufficient,27.5
,"Peoria, IL 61605",,,
Elliotts,7807 N University ST,1323,Sufficient,33
,"Peoria, IL 61614",,,
Els Lodge #20,1 Elks DR,2489,Sufficient,31.41
,"Peoria, IL 61604",,,
Enchanted Florist,5001 W American Prairie DR,464,Insufficient,25.06
,"Peoria, IL 61615",,,
Environmental control solutions,201 Spring ST,636,Sufficient,19.43
,"Peoria, IL 61603",,,
Envision Insurance,7150 N University ST,986,Sufficient,32.76
,"Peoria, IL 61614",,,
Epic,6116 N Frostwood PKY,0,Insufficient,26.89
,"Peoria, IL 61615",,,
Evergreen Shopping Center,801 W Lake AVE,0,Insufficient,0
,"Peoria, IL 61614",,,
Exposition Gardens,1601 W Northmoor RD,1496,Insufficient,34.1
,Building #Ameren Bldg,,,
,"Peoria, IL 61614",,,
Exposition Gardens,1601 W Northmoor RD,2119,Insufficient,41.8
,Building #F S Shelter,,,
,"Peoria, IL 61614",,,
Exposition Gardens,1601 W Northmoor RD,810,Sufficient,31.9
,Building #Bathroom Bldg,,,
,"Peoria, IL 61614",,,
Exposition Gardens,1601 W Northmoor RD,1231,Insufficient,35.2
,Building #Labor Bldg,,,
,"Peoria, IL 61614",,,
Exposition Gardens,1601 W Northmoor RD,722,Sufficient,29.7
,Building #Maintenance Bldg,,,
,"Peoria, IL 61614",,,
Exposition Gardens,1601 W Northmoor RD,1916,Insufficient,45.71
,Building #Dog House Bldg,,,
,"Peoria, IL 61614",,,
Exposition Gardens,1601 W Northmoor RD,2091,Insufficient,44
,Building #Phoptgraphy Bldg,,,
,"Peoria, IL 61614",,,
Exposition Gardens,1601 W Northmoor RD,1915,Insufficient,45.71
,Building #Floriculture,,,
,"Peoria, IL 61614",,,
Exposition Gardens,1601 W Northmoor RD,2091,Insufficient,46.2
,Building #Food/Textiles Bldg,,,
,"Peoria, IL 61614",,,
Exposition Gardens,1601 W Northmoor RD,4867,Insufficient,33.61
,Building #Main Show Area,,,
,"Peoria, IL 61614",,,
Exposition Gardens,1601 W Northmoor RD,3294,Insufficient,46.2
,Building #Dairy Bldg,,,
,"Peoria, IL 61614",,,
Exposition Gardens,1601 W Northmoor RD,3294,Insufficient,46.2
,Building #Livestock Bldg,,,
,"Peoria, IL 61614",,,
Exposition Gardens,1601 W Northmoor RD,2091,Insufficient,46.2
,Building #Ag Pavilion,,,
,"Peoria, IL 61614",,,
Exposition Gardens,1601 W Northmoor RD,3019,Insufficient,30.31
,Building #Opera House,,,
,"Peoria, IL 61614",,,
Exposition Gardens,1601 W Northmoor RD,2091,Insufficient,44
,Building #Hobbies Bldg,,,
,"Peoria, IL 61614",,,
Exposition Gardens,1601 W Northmoor RD,3294,Insufficient,46.2
,Building #Beef/Dairy Bldg,,,
,"Peoria, IL 61614",,,
Exposition Gardens,1601 W Northmoor RD,3294,Insufficient,46.2
,Building #Beef Building,,,
,"Peoria, IL 61614",,,
Exposition Gardens,1601 W Northmoor RD,3294,Insufficient,46.2
,Building #Sheep/Swine Bldg,,,
,"Peoria, IL 61614",,,
Exposition Gardens,1601 W Northmoor RD,2091,Insufficient,45.1
,Building #Swine Bldg,,,
,"Peoria, IL 61614",,,
Exposition Gardens,1601 W Northmoor RD,1915,Insufficient,45.71
,Building #Youth Bldg,,,
,"Peoria, IL 61614",,,
Exposition Gardens,1601 W Northmoor RD,0,Insufficient,0
,Building #Grounds,,,
,"Peoria, IL 61614",,,
Exposition Gardens,1601 W Northmoor RD,27,Sufficient,33.61
,"Peoria, IL 61614",,,
Express,2200 W War Memorial DR,603,Sufficient,30.31
,#FL15B,,,
,"Peoria, IL 61613",,,
Extended Stay America,4306 N Brandywine DR,3154,Sufficient,34.1
,"Peoria, IL 61614",,,
Eyeglass World,4530 N Brandywine DR,1185,Insufficient,34.95
,"Peoria, IL 61614",,,
F & M Bank,4900 N Glen Park PL,1072,Sufficient,34.96
,#A,,,
,"Peoria, IL 61614",,,
F&M Building Only (Master ),4900 N Glen Park PL,1010,Sufficient,34.83
,"Peoria, IL 61614",,,
Familia Dental,1403 W Glen AVE,0,Insufficient,0
,"Peoria, IL 61614",,,
Family Core,330 SW Washington ST,1576,Sufficient,29.33
,"Peoria, IL 61602",,,
Family Dollar,330 N western AVE,2070,Insufficient,37.03
,"peoria, IL 61606",,,
Family Dollar,820 NE Jefferson AVE,1610,Sufficient,32.76
,"Peoria, IL 61603",,,
Family Quick Care LLC,9031 N Allen RD,335,Sufficient,26.93
,"Peoria, IL 61615",,,
Family Video,708 W Glen,865,Sufficient,23.71
,"Peoria, IL 61614",,,
Famous City Bistro,629 W Glen AVE,900,Sufficient,34.1
,"Peoria, IL 61614",,,
Famous Dave's,7411 N Grand Prairie DR,1755,Insufficient,30.8
,"Peoria, IL 61615",,,
Famous Wok,2200 W War Memorial DR,281,Sufficient,31.66
,#CUO6D,,,
,"Peoria, IL 61613",,,
Fanny Mae,4203 N Sheridan AVE,764,Sufficient,31.53
,#A1-5,,,
,"Peoria, IL 61604",,,
Farmers Insurance,3105 N Prospect RD,764,Insufficient,28.72
,"Peoria, IL 61603",,,
Fastenal Corporation,910 SW Jefferson AVE,865,Insufficient,22.73
,"Peoria, IL 61602",,,
Finish Line,2200 W War Memorial DR,681,Sufficient,32.76
,#D104,,,
,"Peoria, IL 61613",,,
Fish House,4919 N University ST,2091,Insufficient,33
,"Peoria, IL 61614",,,
Fitness For All,5015 W American Prairie DR,281,Sufficient,22.61
,"Peoria, IL 61615",,,
Five Senses Spa and Salon,5035 W American Prairie DR,764,Sufficient,29.94
,"Peoria, IL 61615",,,
Flat Top Grill,5201 W War Memorial DR,509,Sufficient,29.7
,#120,,,
,"Peoria, IL 61615",,,
Fleet Pride Truck and Trailer,2616 SW Jefferson AVE,2160,Insufficient,32.39
,"Peoria, IL 61605",,,
Forrest Hill Liquors,2009 W Forrest Hill AVE,1207,Sufficient,36.3
,"Peoria, IL 61604",,,
Fortner Insurance Agency,3304 N Prospect RD,900,Sufficient,33.86
,"Peoria, IL 61603",,,
"Foster-Jacobs, INC.",826 W MAIN ST,882,Sufficient,26.15
,"Peoria, IL 61606",,,
Frames Plus,4100 W Willow Knolls DR,164,Sufficient,23.47
,#a4,,,
,"Peoria, IL 61615",,,
Franklin Primary School,807 W Columbia TER,1905,Sufficient,32.63
,"Peoria, IL 61606",,,
Freedom Mobile,4410 N Knoxville,986,Sufficient,34.47
,#A,,,
,"Peoria, IL 61614",,,
Frendly Valley,3708 N Meadowbrook,1046,Insufficient,33
,"Peoria, IL 61614",,,
Fresenius Medical,410 W Romeo B Garrett AVE,900,Sufficient,22.86
,"Peoria, IL 61605",,,
Friar Tuck Beverage,1401 W Glen AVE,1065,Sufficient,31.9
,"Peoria, IL 61614",,,
Friendship House,816 NE Madison AVE,628,Sufficient,25.91
,"Peoria, IL 61603",,,
Fringe,4408 N Knoxville AVE,929,Insufficient,36.3
,"Peoria, IL 61614",,,
Furniture Max,4100 W Willow Knolls DR,1697,Insufficient,0
,#C1,,,
,"Peoria, IL 61615",,,
FYE,2200 W War Memorial DR,470,Sufficient,31.66
,#D105,,,
,"Peoria, IL 61613",,,
Gailey Eye Clinic,4927 N Glen Park PL,1148,Sufficient,25.42
,"Peoria, IL 61614",,,
Game Stop,9031 N Allen RD,335,Sufficient,24.69
,"Peoria, IL 61615",,,
Gamestop,2200 W War Memorial DR,301,Sufficient,30.56
,#A108,,,
,"Peoria, IL 61613",,,
Gamma Phi Beta,1414 W Fredonia AVE,1411,Insufficient,25.33
,"Peoria, IL 61606",,,
Garden Gate Tap,1313 W Garden ST,697,Sufficient,40.33
,"Peoria, IL 61605",,,
"Garden Street Cafe""",1317 W Garden ST,636,Sufficient,35.2
,"Peoria, IL 61605",,,
Garfield School,1507 S Lydia AVE,3630,Insufficient,30.19
,"Peoria, IL 61605",,,
General Downing Home for Veterans,403 Olive ST,1418,Sufficient,26.33
,"Peoria, IL 61605",,,
GENERAL PUMP & MACHINERY,1044 W Olympia DR,1138,Insufficient,0
,"Peoria, IL 61615",,,
Get-er-done financial,840 Main ST,0,Insufficient,0
,"Peoria, IL 61602",,,
Getz Pressure Washing,1440 SW Jefferson AVE,0,Insufficient,0
,"Peoria, IL 61605",,,
Ghantous Law Office,3100 N Dries LN,0,Insufficient,0
,"Peoria, IL 61604",,,
Girl Scouts Of Central IL,1103 W Lake AVE,1138,Sufficient,27.99
,"Peoria, IL 61614",,,
Glen Hills Professional Building,2015 W Glen,3666,Insufficient,29.33
,"Peoria, IL 61614",,,
Glen Oak School,2100 N Wisconsin AVE,2130,Insufficient,31.53
,"Peoria, IL 61603",,,
Glen Oak Towers,926 Main ST,5324,Insufficient,32.89
,"Peoria, IL 61602",,,
Gloria Jeans Coffee,2200 W War Memorial DR,230,Sufficient,29.46
,#AU10,,,
,"Peoria, IL 61613",,,
GNC,2200 W War Memorial DR,276,Sufficient,28.36
,#DU01,,,
,"Peoria, IL 61613",,,
GNC,4125 N Sheridan AVE,255,Sufficient,27.13
,#11,,,
,"peoria, IL 61614",,,
Goldfine and Bowles,4242 N Knoxville AVE,1025,Sufficient,24.93
,"Peoria, IL 61603",,,
Golfview Apartments,2331 W Dr Martin Luther King Jr DR,5051,Insufficient,30.33
,"Peoria, IL 61605",,,
Golfview Apartments,2317 W Dr Martin Luther King Jr DR,4269,Insufficient,28.33
,"Peoria, IL 61605",,,
GOMP Executive Offices Unity Point Methodist,120 NE Glen Oak AVE,2788,Insufficient,31.17
,"Peoria, IL 61603",,,
Good Tequilas Mexican Bar & Grill,5025 W American Prairie DR,697,Sufficient,33
,"Peoria, IL 61615",,,
Gorenz and Associates,"Peoria, IL 61614",2767,Insufficient,32.27
GPS TV,1821 N Knoxville AVE,895,Sufficient,36.91
,#B,,,
,"Peoria, IL 61603",,,
Grandpa John's Rib SHack,2328 W Willow Knolls DR,734,Sufficient,27.01
,"Peoria, IL 61615",,,
Great Clips,10405 N Centerway ST,214,Sufficient,30.92
,#A,,,
,"Peoria, IL 61615",,,
Greater Peoria Sanitary District,2322 S Darst ST,1148,Insufficient,30.48
,"Peoria, IL 61605",,,
Greeley School,919 NE Jefferson AVE,2686,Sufficient,27.13
,"Peoria, IL 61603",,,
Greenhut Memorial GAR Hall,416 Hamilton BLVD,1467,Sufficient,48.53
,"Peoria, IL 61602",,,
Griswold Food & Liquor,1814 S Griswold ST,1708,Sufficient,31.9
,"Peoria, IL 61605",,,
Grove Apartments,1526 W Candletree DR,2632,Insufficient,32.76
,Building #Office,,,
,"Peoria, IL 61614",,,
Grove Apartments,1518 W Candletree DR,3019,Insufficient,32
,"Peoria, IL 61614",,,
Grove Apartments,1417 W Candletree DR,3019,Insufficient,31
,"Peoria, IL 61614",,,
Grove Apartments,1512 W Candletree DR,3019,Insufficient,31
,"Peoria, IL 61614",,,
Grove Apartments,1506 W Candletree DR,3019,Insufficient,31
,"Peoria, IL 61614",,,
Grove Apartments,1500 W Candletree DR,3019,Insufficient,31
,"Peoria, IL 61614",,,
Grove Apartments,1425 W Candletree DR,3019,Insufficient,31
,"Peoria, IL 61614",,,
Grove Apartments,1421 W Candletree DR,2845,Insufficient,31
,"Peoria, IL 61614",,,
Grove Apartments,1602 W Candletree DR,2845,Insufficient,31
,"Peoria, IL 61614",,,
Grove Apartments,1614 W Candletree DR,2845,Insufficient,34.1
,"Peoria, IL 61614",,,
Grove Apartments,1622 W Candletree DR,2845,Insufficient,32.33
,"Peoria, IL 61614",,,
Grove Apartments,1700 W Candletree DR,2845,Insufficient,31
,"Peoria, IL 61614",,,
Grove Apartments,1731 W Viking CT,3019,Insufficient,31
,"Peoria, IL 61615",,,
Grove Apartments,1603 W Viking CT,3019,Insufficient,32
,"Peoria, IL 61615",,,
Grove Apartments,1617 W Viking CT,3019,Insufficient,31
,"Peoria, IL 61615",,,
Grove Apartments,1609 W Viking CT,3019,Insufficient,31
,"Peoria, IL 61615",,,
Grove Apartments,1707 W Viking CT,3019,Insufficient,32
,"Peoria, IL 61615",,,
gucci pucci,3309 N prospect RD,382,Sufficient,31.04
,"peoria, IL 61603",,,
Guitar Center,2601 W Lake AVE,734,Sufficient,33.86
,"Peoria, IL 61614",,,
GYPSY LANE RETRO SALOON,1020 W MAIN ST,507,Sufficient,33
,#TATOO,,,
,"PEORIA, IL 61606",,,
Hacienda El Mirador,5805 N Humboldt AVE,573,Sufficient,35.2
,#1,,,
,"Peoria, IL 61614",,,
Haddad's Restaurant,1010 W main ST,265,Sufficient,33.73
,"peoria, IL 61606",,,
Haddads,7805 N University ST,0,Insufficient,0
,"Peoria, IL 61614",,,
Hagerty Industrial Tool Showroom,933 SW Washington ST,0,Insufficient,0
,"Peoria, IL 61605",,,
Hampton Inn & Suites,7806 N State Route 91,1799,Sufficient,29.7
,"Peoria, IL 61615",,,
Hanger Clinic,311 W Romeo B Garrett AVE,900,Sufficient,20.9
,"Peoria, IL 61605",,,
Hardees,3505 NE adams,726,Sufficient,29.21
,"peoria, IL 61603",,,
Harrison Homes,2610 W Krause,875,Sufficient,26.77
,"Peoria, IL 61605",,,
Harrison School,2727 W Krause AVE,1342,Sufficient,30.43
,"Peoria, IL 61605",,,
Harvest Cafe,5901 N Prospect RD,1181,Insufficient,0
,#5A,,,
,"Peoria, IL 61614",,,
Hawthorn Inn,6906 N Stalworth DR,1210,Sufficient,31.47
,"Peoria, IL 61615",,,
Headz Up Barber Shop,2441 N Knoxville AVE,249,Sufficient,28.6
,"Peoria, IL 61603",,,
Hearth and Patio,8304 N University ST,472,Sufficient,29.21
,"Peoria, IL 61614",,,
Heartland,5600 N Glen Elm DR,0,Insufficient,0
,"Peoria, IL 61614",,,
Heartland Health Center,711 W John H Gwynn Jr AVE,935,Sufficient,28.36
,"Peoria, IL 61605",,,
Heartland Parking Inc.,128 NE Madison AVE,290,Sufficient,28.6
,"Peoria, IL 61603",,,
Heartland Vision,2524 W Farrelly AVE,844,Sufficient,31.78
,"Peoria, IL 61615",,,
Heartlands,607 N Hightower ST,3765,Insufficient,33.22
,"Peoria, IL 61605",,,
Help at Home Group Care,5421 N Nottingham PL,1350,Sufficient,26.22
,"Peoria, IL 61614",,,
Helzberg Diamonds,2200 W War Memorial DR,294,Sufficient,29.58
,#CU11B,,,
,"Peoria, IL 61613",,,
Heyde Eye Center,400 NE Saint Marks CT,986,Sufficient,33.86
,"Peoria, IL 61603",,,
Hickory Grove Elementary School,2514 W Hickory Grove RD,2249,Insufficient,29.6
,"Dunlap, IL 61525",,,
Hickory Ridge Apartments,7150 N Terra Vista DR,2475,Insufficient,27.33
,Building #Building 1,,,
,"Peoria, IL 61614",,,
Hickory Ridge Apartments,7150 N Terra Vista DR,2475,Insufficient,27.33
,Building #Building 2,,,
,"Peoria, IL 61614",,,
Hickory Ridge Apartments,7150 N Terra Vista DR,2475,Insufficient,28.55
,Building #Building 3,,,
,"Peoria, IL 61614",,,
Hickory Ridge Apartments,7150 N Terra Vista DR,2475,Insufficient,27.33
,Building #Building 4,,,
,"Peoria, IL 61614",,,
Hickory Ridge Apartments,7150 N Terra Vista DR,2475,Insufficient,28.55
,Building #Building 5,,,
,"Peoria, IL 61614",,,
Hickory Ridge Apartments,7150 N Terra Vista DR,2475,Insufficient,28.55
,Building #Building 6,,,
,"Peoria, IL 61614",,,
Hickory Ridge Apartments,7150 N Terra Vista DR,2475,Insufficient,27.33
,Building #Building 7,,,
,"Peoria, IL 61614",,,
Hickory Ridge Apartments,7150 N Terra Vista DR,2475,Insufficient,28.55
,Building #Building 8,,,
,"Peoria, IL 61614",,,
Hickory Ridge Apartments,7150 N Terra Vista DR,2475,Insufficient,27.33
,Building #Building 9,,,
,"Peoria, IL 61614",,,
Hickory Ridge Apartments,7150 N Terra Vista DR,2475,Insufficient,28.55
,Building #Building 10,,,
,"Peoria, IL 61614",,,
Hickory Ridge Apartments,7150 N Terra Vista DR,2475,Insufficient,27.33
,Building #Building 11,,,
,"Peoria, IL 61614",,,
Hickory Ridge Apartments,7150 N Terra Vista DR,2475,Insufficient,27.33
,Building #Building 12,,,
,"Peoria, IL 61614",,,
Hickory Ridge Apartments,7150 N Terra Vista DR,2475,Insufficient,27.33
,Building #13,,,
,"Peoria, IL 61614",,,
Hickory River Smokehouse,5101 W Holiday DR,1138,Insufficient,25.3
,"Peoria, IL 61615",,,
Hidden Oak Apartments,3602 N Kingston DR,2846,Insufficient,32.33
,Building #1,,,
,"Peoria, IL 61604",,,
Hidden Oak Apartments,3602 N Kingston DR,1427,Insufficient,32.33
,Building #2,,,
,"Peoria, IL 61604",,,
Hidden Oak Apartments,3602 N Kingston DR,952,Sufficient,28.33
,Building #3,,,
,"Peoria, IL 61604",,,
Hidden Oak Apartments,3602 N Kingston DR,946,Sufficient,28.33
,Building #4,,,
,"Peoria, IL 61604",,,
Hidden Oak Apartments,3601 N Kingston DR,952,Sufficient,28.33
,"Peoria, IL 61604",,,
Hillel House,1532 W Fredonia AVE,676,Sufficient,20.33
,"Peoria, IL 61606",,,
Hines Primary School,4603 N Knoxville AVE,2683,Insufficient,32.63
,"Peoria, IL 61603",,,
Hokkaido,3311 N University ST,1622,Sufficient,34.71
,"Peoria, IL 61614",,,
Holiday Inn & Suites,7601 N Orange Prairie RD,1960,Sufficient,30.56
,"Peoria, IL 61615",,,
Hollister,2200 W War Memorial DR,568,Sufficient,31.66
,#BU 06A,,,
,"Peoria, IL 61613",,,
Hollow Creek Apartments,6625 N Big Hollow RD,3118,Insufficient,29.33
,Building #400,,,
,"Peoria, IL 61614",,,
Hollow Creek Apartments,6625 N Big Hollow RD,3118,Insufficient,29.33
,Building #200,,,
,"Peoria, IL 61614",,,
Hollow Creek Apartments,6625 N Big Hollow RD,3118,Insufficient,29.33
,Building #300,,,
,"Peoria, IL 61614",,,
Hollow Creek Apartments,4019 W Hollow Creek DR,2205,Insufficient,23.33
,Building #Office,,,
,"Peoria, IL 61615",,,
Hollow Creek Apartments,4019 W Hollow Creek DR,2205,Insufficient,26.4
,Building #Pool House,,,
,"Peoria, IL 61615",,,
Hollow Creek Apartments,4014 W Hollow Creek DR,3118,Insufficient,30.33
,Building #500,,,
,"Peoria, IL 61615",,,
Hollow Creek Apartments,4024 W Hollow Creek DR,3118,Insufficient,31.66
,Building #600,,,
,"Peoria, IL 61615",,,
Hollow Creek Apartments,4050 W Hollow Creek DR,3118,Insufficient,29.33
,Building #700,,,
,"Peoria, IL 61615",,,
Hollow Creek Apartments,4056 W Hollow Creek DR,3118,Insufficient,29.33
,Building #800,,,
,"Peoria, IL 61615",,,
Hollow Creek Apartments,4130 W Hollow Creek DR,3118,Insufficient,29.33
,Building #1000,,,
,"Peoria, IL 61615",,,
Hollow Creek Apartments,4126 W Hollow Creek DR,3118,Insufficient,29.33
,Building #900,,,
,"Peoria, IL 61615",,,
Hollow Creek Apartments,4209 W Hollow Creek DR,2546,Insufficient,28.33
,"Peoria, IL 61615",,,
Hollow Creek Apartments,4105 W Hollow Creek DR,1273,Insufficient,28.33
,"Peoria, IL 61615",,,
Hollow Creek Apartments,4043 W Hollow Creek DR,1273,Insufficient,28.33
,"Peoria, IL 61615",,,
Hollow Creek Apartments,6625 N Big Hollow RD,3118,Insufficient,29.33
,"Peoria, IL 61614",,,
Holman & Dailey Attorney,124 NE Madison AVE,389,Sufficient,28.97
,"Peoria, IL 61603",,,
Holmes Shoes,4700 N University ST,854,Insufficient,30.68
,#7&8,,,
,Building #7&8,,,
,"Peoria, IL 61614",,,
Holy Family Church,3720 N Sterling AVE,955,Insufficient,29.58
,"Peoria, IL 61604",,,
Holy Family School,2329 W Reservoir BLVD,2471,Insufficient,30.8
,"Peoria, IL 61615",,,
Home Depot,5026 W Holiday DR,2789,Insufficient,28.36
,"Peoria, IL 61615",,,
Hoops Pub and Pizza,516 Main ST,493,Sufficient,31.9
,"Peoria, IL 61602",,,
Hooters,418 SW Water ST,450,Sufficient,25.3
,"Peoria, IL 61603",,,
Hoover Properties,825 SW Adams ST,1102,Sufficient,34.96
,"Peoria, IL 61605",,,
Hoover Storage (LaHood Equipment),819 SW Adams ST,805,Sufficient,30.8
,"Peoria, IL 61605",,,
Hoover Storage (LaHood Equipment),813 SW Adams ST,805,Sufficient,30.8
,"Peoria, IL 61605",,,
Hot Topic,2200 W War Memorial DR,327,Sufficient,30.56
,#DU130,,,
,"Peoria, IL 61613",,,
Huck's #249,7225 N Allen RD,1358,Sufficient,38.5
,"Peoria, IL 61615",,,
Huck's #260,3819 E War Memorial DR,1800,Sufficient,39.6
,"Peoria, IL 61614",,,
Huck's #358,1415 W Alta RD,2012,Sufficient,38.5
,"Peoria, IL 61615",,,
Human Service Center,1005 NE Jefferson AVE,1207,Sufficient,26
,"Peoria, IL 61603",,,
Human Service Center,130 Richard Pryor PL,636,Sufficient,24.44
,"Peoria, IL 61605",,,
Human Service Center,1924 SW Adams ST,688,Sufficient,24.57
,"Peoria, IL 61605",,,
Humana Guidance Center,2601 W Lake AVE,514,Sufficient,29.58
,#A3,,,
,"Peoria, IL 61614",,,
Hunzeker Service Agency,8720 N University ST,0,Insufficient,0
,"Peoria, IL 61614",,,
Hurlbult House,818 W Hurlburt ST,2700,Insufficient,28.67
,"Peoria, IL 61605",,,
Hutchison Engineering,2015 W Glen AVE,1403,Insufficient,26.03
,#210,,,
,"Peoria, IL 61614",,,
Hy-Vee Convienence Gas Station,5421 W War Memorial DR,805,Sufficient,28.6
,"Peoria, IL 61604",,,
Hy-Vee Market Grill,7610 N Orange Prairie RD,509,Sufficient,29.7
,"Peoria, IL 61615",,,
HyVee,4125 N Sheridan RD,2062,Insufficient,34.1
,#20,,,
,"Peoria, IL 61614",,,
Hyvee,7610 N Orange Prairie RD,2160,Insufficient,34.1
,"Peoria, IL 61615",,,
I-Talk & Repairs,2200 W War Memorial DR,227,Sufficient,29.46
,#AU09,,,
,"Peoria, IL 61613",,,
Ideal Troy Cleaners,622 W lake AVE,285,Sufficient,30.19
,"peoria, IL 61614",,,
Illinois Neurological Institute,5009 N Glen Park PL,838,Sufficient,33.73
,"Peoria, IL 61614",,,
Illinois Valley Glass,3300 NE Adams ST,2053,Sufficient,31.41
,"Peoria, IL 61603",,,
In-N-Out Grocery & Liquor,305 Wayne ST,1653,Sufficient,29.58
,"Peoria, IL 61603",,,
Industry Brewing Company,8012 N Hale AVE,1115,Sufficient,28.11
,"Peoria, IL 61615",,,
Ironwood Homes,7227 N University ST,882,Sufficient,33.86
,"Peoria, IL 61614",,,
IT 360,4501 N Sterling AVE,944,Sufficient,28.11
,#105,,,
,"Peoria, IL 61615",,,
Jackpot Super Market,200 N Mac Arthur HWY,739,Sufficient,33
,"Peoria, IL 61605",,,
Jalapenos,4700 N University ST,1207,Sufficient,37.16
,#3,,,
,"Peoria, IL 61614",,,
James Robert All State Agent,1424 W Glen AVE,612,Sufficient,23.1
,"peoria, IL 61614",,,
Jamieson School,2721 W Richwoods BLVD,1820,Insufficient,29.33
,"Peoria, IL 61604",,,
JAYLAS BOUTIQUE,4921 N SHERIDAN,0,Insufficient,0
,"Peoria, IL 61614",,,
JC Penney,2200 W War Memorial DR,4117,Insufficient,35.81
,#997,,,
,"Peoria, IL 61613",,,
JD Byrider,1613 W Pioneer PKY,0,Insufficient,0
,"Peoria, IL 61615",,,
Jeff Burtis State Farm,604 E war memorial DR,427,Sufficient,32.14
,"peoria, IL 61614",,,
jehovah's witness kingdom hall,6007 N Big Hollow RD,1148,Sufficient,26.77
,"Peoria, IL 61614",,,
Jenerations Hair Salon,1301 W Pioneer PKY,0,Insufficient,0
,#101,,,
,"Peoria, IL 61615",,,
Jim's Steak House,110 SW Jefferson AVE,558,Sufficient,33
,"Peoria, IL 61603",,,
Jimmie's Lock Shop,2238 W Glen,593,Insufficient,21.14
,"peoria, IL 61614",,,
Jimmy C's,2509 N Sheridan RD,1273,Insufficient,43.14
,"Peoria, IL 61614",,,
Jimmy Jazz,2200 W War Memorial DR,432,Sufficient,30.56
,#AL06A,,,
,"Peoria, IL 61613",,,
JIMMY JOHN'S,8516 N Knoxville AVE,208,Insufficient,36.67
,"Peoria, IL 61615",,,
Jimmy John's,208 SW Adams ST,360,Sufficient,33.47
,"Peoria, IL 61603",,,
Jimmy Johns,1121 W main ST,833,Sufficient,29.33
,"peoria, IL 61606",,,
Joan's Trophy and Plaque,508 NE Jefferson AVE,1010,Sufficient,39.87
,"Peoria, IL 61603",,,
Jody Kelly OB/GYN,2901 N Knoxville AVE,805,Sufficient,29.21
,"Peoria, IL 61603",,,
Johnny Vig's Lounge,4700 N University ST,624,Sufficient,35.2
,#15,,,
,"Peoria, IL 61614",,,
johnson family practice,3227 N prospect RD,337,Sufficient,29.94
,"peoria, IL 61603",,,
jones sewing machine co.,3410 N prospect RD,459,Sufficient,32.14
,"peoria, IL 61603",,,
Journeys,2200 W War Memorial DR,301,Sufficient,30.56
,#AU06,,,
,"Peoria, IL 61613",,,
Judy's Barber Shop,4311 N Sheridan RD,726,Sufficient,33.12
,"Peoria, IL 61614",,,
Justice,2200 W War Memorial DR,441,Sufficient,30.56
,#C102,,,
,"Peoria, IL 61613",,,
Kallister Reality,512 W main ST,1138,Insufficient,38.13
,"Peoria, IL 61606",,,
Kappa Delta,1514 W Fredonia AVE,1160,Insufficient,23.33
,"Peoria, IL 61606",,,
Kay Jewelers,2200 W War Memorial DR,284,Sufficient,29.46
,#DU15A,,,
,"Peoria, IL 61613",,,
Keen Tile,8224 N University ST,0,Insufficient,0
,"Peoria, IL 61614",,,
Kellar School,6413 N Mt. Hawley RD,1153,Insufficient,30.43
,"Peoria, IL 61614",,,
Kelleher's Irish Pub & Eatery,619 SW Water ST,455,Sufficient,31.9
,#G,,,
,"Peoria, IL 61603",,,
Kelly Seed & Hardware Co.,202 Hamilton BLVD,1922,Sufficient,38.93
,"Peoria, IL 61602",,,
Kemper Express,920 N Garfield AVE,465,Sufficient,32.27
,"Peoria, IL 61606",,,
Kern Optometric,4408 N Knoxville AVE,1394,Insufficient,0
,#c,,,
,"Peoria, IL 61614",,,
Khaki Jacks,7221 N Allen RD,697,Sufficient,36.3
,"Peoria, IL 61615",,,
Kickback on Fulton,456 Fulton ST,249,Sufficient,31.9
,#105,,,
,"Peoria, IL 61602",,,
Knoxville Center for Student Success,2628 N Knoxville AVE,1238,Insufficient,30.43
,"Peoria, IL 61603",,,
Knoxville Food Mart,2300 N Knoxville AVE,228,Sufficient,25.3
,"Peoria, IL 61603",,,
Kouri's Pub,4421 N Sterling AVE,1708,Insufficient,29.7
,"Peoria, IL 61604",,,
Kroger,2321 N Wisconsin AVE,2546,Insufficient,37.4
,"Peoria, IL 61603",,,
Kroger,3311 N Sterling AVE,1577,Insufficient,32.63
,"Peoria, IL 61604",,,
Kroger,9219 N Lindbergh DR,1689,Sufficient,28.6
,"Peoria, IL 61615",,,
Kroger,801 W Lake AVE,1972,Sufficient,26.4
,"Peoria, IL 61614",,,
LA Connection,1219 S Western AVE,935,Sufficient,35.44
,"Peoria, IL 61605",,,
La Favorita,1621 N Knoxville AVE,1207,Sufficient,32.76
,"Peoria, IL 61603",,,
Lakeview Aquatic Center,1017 W Lake AVE,197,Sufficient,23.83
,"Peoria, IL 61614",,,
Lakeview Recreational Center,1013 W Lake AVE,960,Sufficient,27.13
,"Peoria, IL 61614",,,
Lamour Nails,5009 W American Prairie DR,267,Sufficient,32.76
,"Peoria, IL 61615",,,
Land Title Professionals,311 Main ST,799,Sufficient,26.89
,#C,,,
,"Peoria, IL 61602",,,
Lane Bryant,2200 W War Memorial DR,542,Sufficient,29.46
,#A101,,,
,"Peoria, IL 61613",,,
Lariat Club,2232 W Glen AVE,1207,Sufficient,30.8
,"Peoria, IL 61614",,,
Lawnview Apartments,5021 N University ST,2254,Insufficient,32.33
,Building #1,,,
,"Peoria, IL 61614",,,
Lawnview Apartments,5021 N University ST,2254,Insufficient,32.33
,Building #2,,,
,"Peoria, IL 61614",,,
Le Bakery,4700 N University ST,530,Insufficient,32.63
,#14a,,,
,Building #14a,,,
,"Peoria, IL 61614",,,
legacy investment services,6740 N Frostwood PKY,270,Sufficient,29.46
,"Peoria, IL 61615",,,
Lexis Nexis,8512 N Allen RD,0,Insufficient,0
,"Peoria, IL 61615",,,
Lids,2200 W War Memorial DR,256,Sufficient,30.56
,#DU06,,,
,"Peoria, IL 61613",,,
Lightner Group,427 Main ST,1046,Sufficient,25.42
,"Peoria, IL 61603",,,
Lincoln K-8 School,700 Mary ST,2202,Insufficient,33.73
,"Peoria, IL 61603",,,
Lindbergh Middle School,6327 N Sheridan RD,3118,Insufficient,30.43
,"Peoria, IL 61614",,,
Lins message,1014 W main ST,548,Sufficient,35.57
,"peoria, IL 61606",,,
Little Cesear's Pizza,4325 N Sheridan RD,499,Sufficient,33.86
,#4,,,
,"Peoria, IL 61614",,,
Living Waters Church,7229 N Knoxville AVE,1052,Insufficient,32.27
,"Peoria, IL 61614",,,
Longhorn Steakhouse of Peoria,7401 N Grand Prairie DR,2074,Insufficient,29.7
,"Peoria, IL 61615",,,
M & M Recycling,204 Morton ST,2835,Sufficient,34.1
,"Peoria, IL 61603",,,
M&M Tire Detail,901 W Main ST,697,Sufficient,40.82
,#A,,,
,"Peoria, IL 61606",,,
Maaco,4748 N Brandywine DR,900,Sufficient,26.16
,"Peoria, IL 61614",,,
MacDonald Shell #4,9109 N Allen RD,2711,Insufficient,37.4
,"Peoria, IL 61615",,,
Madison Bluff Apartments,2405 W Dr Martin Luther King Jr DR,0,Insufficient,0
,"Peoria, IL 61605",,,
Main Street Liquor,615 W Main ST,1295,Sufficient,36.3
,"Peoria, IL 61606",,,
Manor Care,6900 N Stalworth DR,1067,Insufficient,30.93
,"Peoria, IL 61615",,,
Manual Academy,811 S Griswold ST,6272,Insufficient,31.53
,"Peoria, IL 61605",,,
Marco's Pizza,708 W Glen,679,Sufficient,24.81
,"Peoria, IL 61614",,,
Marcone,8306 N University ST,1062,Sufficient,26.03
,"Peoria, IL 61614",,,
Mariachi,1818 W War Memorial DR,1245,Sufficient,35.81
,"Peoria, IL 61614",,,
Mark Bills Middle School,6001 N Frostwood PKY,2637,Insufficient,30.43
,"Peoria, IL 61615",,,
Mark Twain Hotel,225 NE Adams ST,2107,Sufficient,40.58
,"Peoria, IL 61602",,,
Marquette Building,701 Main ST,4677,Insufficient,31.22
,"Peoria, IL 61602",,,
Marti's Barber shop,201 E Lake AVE,569,Sufficient,36.18
,#D,,,
,"Peoria, IL 61614",,,
Martinis on Water Street,212 SW Water ST,805,Sufficient,31.9
,"Peoria, IL 61603",,,
Maui Jim,1 Aloha LN,6842,Insufficient,28.6
,"Peoria, IL 61614",,,
Maurices,2200 W War Memorial DR,545,Sufficient,31.66
,#BU 04C,,,
,"Peoria, IL 61613",,,
Maxie Beauty Supply,200 N Mac Arthur HWY,234,Sufficient,34.1
,"Peoria, IL 61605",,,
MCCOYS QUALITY SERVICES,1016 W MAIN ST,393,Sufficient,35.2
,#MARKET,,,
,"PEORIA, IL 61606",,,
McDONALDS,1017 W MAIN ST,418,Sufficient,28.97
,"PEORIA, IL 61606",,,
McDonalds,2320 W War Memorial DR,561,Insufficient,24.57
,"Peoria, IL 61614",,,
McDonalds,4007 W Baring TRCE,379,Insufficient,22.73
,"Peoria, IL 61615",,,
McDonalds,2205 N Knoxville AVE,764,Sufficient,22.86
,"Peoria, IL 61603",,,
McMahill and Sons,2118 S Griswold ST,750,Sufficient,24.81
,"Peoria, IL 61605",,,
MD's Sports Bar & Grill,7719 N University ST,1811,Sufficient,31.9
,"Peoria, IL 61614",,,
MedExpress,5038 N Big Hollow RD,734,Sufficient,31.9
,"Peoria, IL 61614",,,
Men's Warehouse,4819 N Rockwood DR,1888,Insufficient,33.73
,"Peoria, IL 61615",,,
Messing Siding,3416 NE Adams ST,431,Sufficient,28.6
,"Peoria, IL 61603",,,
MFC,817 N.E. Adams ST,1046,Insufficient,21.76
,"Peoria, IL 61603",,,
Mi Familia Restaurant,2007 N Wisconsin AVE,569,Sufficient,37.16
,"Peoria, IL 61603",,,
Midwest Multicare,4238 N Knoxville AVE,661,Sufficient,25.67
,"Peoria, IL 61614",,,
Miguel's Hair Salon,3307 N prospect RD,285,Sufficient,32.14
,"peoria, IL 61603",,,
Millworks,7022 N University,1018,Insufficient,34.96
,"Peoria, IL 61614",,,
Mimi nails and Spa,7018 N University ST,624,Sufficient,33.86
,"Peoria, IL 61614",,,
Ming Shee,3510 N University ST,468,Sufficient,28.36
,"Peoria, IL 61614",,,
Ming Spa,2200 W War Memorial DR,325,Sufficient,29.58
,#CU16,,,
,"Peoria, IL 61613",,,
Mirror Mirror Salon,7332 N University,0,Insufficient,0
,"Peoria, IL 61614",,,
MISSION MART THRIFT STORE,1614 W Pioneer PKY,1764,Insufficient,38.87
,"Peoria, IL 61615",,,
Monical's Pizza,4100 W Willow Knolls DR,360,Sufficient,29.7
,#C8,,,
,"Peoria, IL 61615",,,
Monster Pawn,625 W Main ST,1684,Sufficient,39.6
,"Peoria, IL 61606",,,
MONTESSORI ACADEMY,5901 N Prospect RD,1203,Insufficient,20.78
,"Peoria, IL 61614",,,
Montessori School of Peoria,3601 N North ST,2475,Insufficient,33.12
,"Peoria, IL 61604",,,
Mrs. Fields/TCBY,2200 W War Memorial DR,144,Sufficient,29.46
,#CUO2A,,,
,"Peoria, IL 61613",,,
Mt Hawley Bowl,8200 N Hale AVE,1479,Insufficient,35.93
,"Peoria, IL 61604",,,
Muir,911 W main ST,1610,Insufficient,44.67
,"Peoria, IL 61606",,,
Muir omni graphics,911 W main ST,1315,Insufficient,39.23
,#graphics,,,
,"peoria, IL 61606",,,
Mutual Tap,2923 NE Adams ST,844,Sufficient,32.76
,"Peoria, IL 61603",,,
Nation Nails,2200 W War Memorial DR,233,Sufficient,29.46
,#DU10,,,
,"Peoria, IL 61613",,,
NATURAL BALANCE,5901 N Prospect RD,412,Insufficient,0
,#102,,,
,"Peoria, IL 61614",,,
Neff Accounting,4424 N Sheridan RD,1146,Insufficient,31.17
,"Peoria, IL 61614",,,
New Amsterdam,120 SW Water ST,312,Sufficient,29.7
,#B,,,
,"Peoria, IL 61603",,,
New Hope Apartments,301 NE Jefferson AVE,2332,Sufficient,35.33
,"Peoria, IL 61603",,,
New Morning Star Church,413 W John H Gwynn Jr AVE,2160,Insufficient,30.93
,"Peoria, IL 61605",,,
Noble Center,1125 W Lake AVE,918,Sufficient,28.6
,Building #1125,,,
,"Peoria, IL 61614",,,
Northmoor Primary School,1819 W Northmoor RD,1448,Insufficient,33
,"Peoria, IL 61614",,,
Northwoods Mall Office,2200 W War Memorial DR,269,Sufficient,28.48
,"Peoria, IL 61613",,,
Notre Dame High School,5105 N Sheridan RD,4157,Sufficient,30.43
,"Peoria, IL 61614",,,
Novu sushi,5901 N Prospect RD,487,Insufficient,0
,#13,,,
,"Peoria, IL 61614",,,
Nu-Gees Auto Sales,7419 N University ST,362,Sufficient,31.41
,"Peoria, IL 61614",,,
Nut House,311 Main,455,Sufficient,24.44
,#C,,,
,"Peoria, IL 61602",,,
Oak Street Wholesale,6517 N Galena RD,1673,Insufficient,29.21
,"Peoria, IL 61614",,,
Oak Wood Apartments,740 W Joan CT,2546,Insufficient,29.78
,"Peoria, IL 61614",,,
Oasis,5017 W American Prairie DR,0,Insufficient,0
,"Peoria, IL 61615",,,
Oasis,5007 W American Prairie DR,0,Insufficient,0
,"Peoria, IL 61615",,,
Off the Wall,2200 W War Memorial DR,664,Sufficient,31.66
,#AU01B,,,
,"Peoria, IL 61613",,,
Office Max,4100 W Willow Knolls DR,1800,Insufficient,34.96
,#D1,,,
,"Peoria, IL 61615",,,
Old Chicago,7610 N Grand Prairie DR,607,Sufficient,27.74
,"Peoria, IL 61615",,,
Old Orchard Trace Apartments,6012 N Imperial DR,2845,Insufficient,28.33
,"Peoria, IL 61614",,,
Old Orchard Trace Apartments,6021 N Imperial DR,4030,Insufficient,32.33
,"Peoria, IL 61614",,,
Old Orchard Trace Apartments,6017 N Old Orchard DR,2845,Insufficient,29.33
,"Peoria, IL 61614",,,
Old Orchard Trace Apartments,6019 N Old Orchard DR,2845,Insufficient,29.33
,"Peoria, IL 61614",,,
Old Orchard Trace Apartments,6024 N Imperial DR,2845,Insufficient,29.33
,"Peoria, IL 61614",,,
Old Orchard Trace Apartments,6020 N Imperial DR,2845,Insufficient,29.33
,"Peoria, IL 61614",,,
Old Orchard Trace Apartments,6016 N Imperial DR,2845,Insufficient,29.33
,"Peoria, IL 61614",,,
Old Orchard Trace Apartments,6009 N Old Orchard DR,2845,Insufficient,29.33
,"Peoria, IL 61614",,,
Old Orchard Trace Apartments,6007 N Old Orchard DR,2845,Insufficient,29.33
,"Peoria, IL 61614",,,
Olive Garden Italian Reataurant,3915 W War Memorial DR,1650,Insufficient,28.6
,"Peoria, IL 61604",,,
Oliver's Pizza & Pub North,3300 W Willow Knolls DR,788,Insufficient,26.4
,"Peoria, IL 61615",,,
Olympia Bar & Grill,1301 W Pioneer PKY,835,Sufficient,33.86
,#125,,,
,"Peoria, IL 61615",,,
One Fire,214 Pecan ST,697,Insufficient,28.35
,"Peoria, IL 61605",,,
One Stop Shop,1213 E McClure AVE,1597,Sufficient,30.8
,"Peoria, IL 61603",,,
One Technology Plaza,211 Fulton ST,3520,Sufficient,35.2
,"Peoria, IL 61602",,,
One World Eats and Drinks,1245 W Main ST,1610,Insufficient,36.18
,"Peoria, IL 61606",,,
Oreck clean Home Center,4620 N University ST,684,Insufficient,31.53
,#9,,,
,Building #9,,,
,"Peoria, IL 61614",,,
OSF Glen Park Prompt care,5114 N Glen Park PL,1060,Sufficient,28.6
,#100,,,
,"Peoria, IL 61614",,,
OSF Internal Medicine,5114 N Glen Park PL,865,Sufficient,28.35
,#220,,,
,"Peoria, IL 61614",,,
OSF Internal Medicine Pediatric,5114 N Glen Park PL,968,Sufficient,27.5
,#110,,,
,"Peoria, IL 61614",,,
Out of Business,4125 N Sheridan RD,305,Sufficient,23.34
,"Peoria, IL 61614",,,
Out of Business,4125 N Sheridan RD,382,Sufficient,27.62
,"Peoria, IL 61614",,,
out of business,4921 N Glen Park PL,1368,Sufficient,34.47
,"Peoria, IL 61614",,,
Out of Business,2006 S Griswold ST,588,Sufficient,23.89
,"Peoria, IL 61605",,,
Owens Recreational Center,1019 W Lake AVE,2277,Sufficient,30.68
,"Peoria, IL 61614",,,
Pac Sun,2200 W War Memorial DR,0,Insufficient,0
,"Peoria, IL 61613",,,
Packard Plaza,211 NE Adams ST,960,Sufficient,31.41
,"Peoria, IL 61602",,,
PALS Preschool and Kindergarten,700 NE Greenleaf ST,1158,Sufficient,33.6
,"Peoria, IL 61603",,,
Papa John's Pizza,4307 N Sheridan RD,379,Sufficient,29.58
,"Peoria, IL 61614",,,
Payless Shoe Store,2200 W War Memorial DR,398,Sufficient,31.66
,#BU 07,,,
,"Peoria, IL 61613",,,
PCCEO Headstart,923 W Millman ST,1800,Sufficient,31.66
,"Peoria, IL 61605",,,
Peace Brothers Tavern,1900 W Garden ST,569,Sufficient,42.9
,"Peoria, IL 61605",,,
Pearl Vision,2200 W War Memorial DR,481,Sufficient,31.66
,"Peoria, IL 61613",,,
Peoria Academy,2711 W Willow Knolls DR,1062,Insufficient,28.23
,"Peoria, IL 61615",,,
Peoria Ambulatory Surgery,4909 N Glen Park PL,496,Sufficient,28.97
,#2,,,
,"Peoria, IL 61614",,,
Peoria Area Transition Center,607 Main ST,1102,Sufficient,32.27
,"Peoria, IL 61602",,,
Peoria Awning,509 NE Adams ST,844,Sufficient,31.41
,"Peoria, IL 61603",,,
Peoria Barber College,1315 W Garden ST,871,Sufficient,47.06
,"Peoria, IL 61605",,,
Peoria Camera,4700 N University ST,394,Insufficient,31.29
,#64,,,
,Building #64,,,
,"Peoria, IL 61614",,,
Peoria Christian,3506 N California AVE,0,Insufficient,0
,"Peoria, IL 61604",,,
Peoria Civic Center,201 SW Jefferson AVE,8982,Sufficient,46.94
,"Peoria, IL 61602",,,
Peoria County Courthouse,324 Main ST,0,Insufficient,0
,"Peoria, IL 61602",,,
Peoria Hebrew Day School,5614 N University ST,2611,Insufficient,30.31
,"Peoria, IL 61614",,,
Peoria High School,1615 N North ST,6846,Insufficient,31.9
,"Peoria, IL 61604",,,
Peoria Hofbrau Restaurant,2210 NE Jefferson AVE,1207,Sufficient,31.9
,"Peoria, IL 61603",,,
Peoria HomeThai Massage,7014 N University ST,805,Sufficient,33.86
,"Peoria, IL 61614",,,
Peoria Hydromatic,905 W Main ST,1018,Sufficient,32.27
,"Peoria, IL 61606",,,
Peoria links,4408 N Knoxville AVE,569,Sufficient,34.47
,"Peoria, IL 61614",,,
Peoria Lock & Safe,1421 NE Jefferson AVE,705,Sufficient,26.4
,"Peoria, IL 61603",,,
Peoria Polo Club,6000 W War Memorial,7637,Insufficient,44.67
,"Peoria, IL 61615",,,
Peoria Public Library,1137 W Lake AVE,1080,Sufficient,32.04
,"Peoria, IL 61614",,,
Peoria Public Schools Administration Building,3202 N Wisconsin AVE,2410,Insufficient,30.8
,"Peoria, IL 61603",,,
Peoria Public Schools Building and Grounds,1801 N North ST,1755,Insufficient,0
,"Peoria, IL 61604",,,
Peoria Public Schools Stadium,315 E War Memorial DR,0,Insufficient,0
,"Peoria, IL 61614",,,
Peoria Public Schools Transportation Building,1525 W Northmoor RD,2415,Insufficient,30.68
,"Peoria, IL 61614",,,
Peoria Tire & Vulcanizing,8321 N Knoxville AVE,895,Insufficient,36.18
,"Peoria, IL 61615",,,
Pere Marquette,501 Main ST,5582,Insufficient,48
,"Peoria, IL 61602",,,
Pere Marquette Parking Garage,128 SW Monroe ST,4630,Insufficient,23.83
,"Peoria, IL 61602",,,
"Performance Pattern & Machine, Inc.",2412 SW Adams ST,3621,Insufficient,40.53
,"Peoria, IL 61605",,,
Persimmon Lofts,1028 SW Adams ST,0,Sufficient,24.78
,"Peoria, IL 61605",,,
Pettengill Morron House,1212 W Moss AVE,2430,Insufficient,35.57
,"Peoria, IL 61606",,,
Phi Gamma Delta,1301 W Fredonia AVE,1259,Insufficient,24
,"Peoria, IL 61606",,,
Pi Beta Phi,621 N Institute PL,757,Sufficient,21.33
,"Peoria, IL 61606",,,
Pi Kappa Alpha,706 N Institute PL,507,Sufficient,17.67
,"Peoria, IL 61606",,,
Pi Kappa Phi,1530 W Bradley AVE,872,Sufficient,23.33
,"Peoria, IL 61606",,,
Pier One Imports,5115 W Holiday DR,0,Insufficient,0
,"Peoria, IL 61615",,,
"Pine Glen Dental Group, LTD.",838 W Glen AVE,569,Sufficient,22.98
,"Peoria, IL 61614",,,
Pink,2200 W War Memorial DR,425,Sufficient,28.6
,#B101A,,,
,"Peoria, IL 61613",,,
Pioneer Park Building,2000 W Pioneer PKY,144,Insufficient,29.09
,#7,,,
,"Peoria, IL 61615",,,
Pioneer Smokehouse,1112 W pioneer PKY,0,Insufficient,0
,"Peoria, IL 61615",,,
PIONEER SUPPLY,1705 W Pioneer PKY,1183,Insufficient,32.27
,"Peoria, IL 61615",,,
PIP Printing,8325 N Allen RD,4066,Insufficient,32.51
,"Peoria, IL 61615",,,
Plaza Jewelry,712 W Main ST,0,Insufficient,0
,"Peoria, IL 61606",,,
PNC Bank,3429 N prospect RD,1006,Sufficient,24.69
,"Peoria, IL 61603",,,
Po-Boy's on Frostwood,6736 N Frostwood PKY,402,Sufficient,31.9
,"Peoria, IL 61615",,,
Pop Ups Gourment Popcorn,1212 W Bradley AVE,935,Insufficient,32.63
,"Peoria, IL 61606",,,
Popeyes Chicken,1800 N Knoxville AVE,952,Sufficient,28.11
,"Peoria, IL 61603",,,
Potbelly Sandwich Shop,10408 N Centerway DR,305,Sufficient,30.68
,#A,,,
,"Peoria, IL 61615",,,
Potter and Anderson Jeweers,1135 W Glen,600,Sufficient,21.51
,"Peoria, IL 61614",,,
Prestige Barbershop,2200 W War Memorial DR,273,Sufficient,29.46
,#AU07,,,
,"Peoria, IL 61613",,,
Pro Source,7718 N Harker DR,0,Insufficient,0
,"Peoria, IL 61615",,,
Proctor Endowment Home,2724 W Reservoir BLVD,4575,Insufficient,39.2
,"Peoria, IL 61615",,,
Proctor Recreation Center,309 S Dusable,4770,Sufficient,33.6
,"Peoria, IL 61605",,,
Professional Therapy Services,112 NE Madison AVE,356,Sufficient,31.9
,"Peoria, IL 61603",,,
Progressive Insurance Call Center,2918 W Willow Knolls DR,1080,Sufficient,33.86
,"Peoria, IL 61615",,,
ProImage Sports,2200 W War Memorial DR,420,Sufficient,31.66
,#BU 08,,,
,"Peoria, IL 61613",,,
prospect family dental,3408 N prospect RD,422,Sufficient,31.29
,"peoria, IL 61603",,,
prospect Florist,3319 N prospect RD,764,Sufficient,32.02
,"peoria, IL 61603",,,
prospect sound,3318 N prospect RD,1440,Sufficient,30.92
,"peoria, IL 61603",,,
PTC Select,2450 N Knoxville AVE,1162,Sufficient,34.1
,"Peoria, IL 61603",,,
PUMPKIN GLASS,5901 N Prospect RD,422,Insufficient,-21.67
,"Peoria, IL 61614",,,
PV II,8305 N Allen RD,382,Insufficient,0
,#Suite 2,,,
,"Peoria, IL 61615",,,
Qdoba Mexican Grill,1216 W Glen AVE,849,Sufficient,37.4
,"Peoria, IL 61614",,,
Quality Inn & Suites,4112 N Brandywine DR,4269,Sufficient,35.57
,"Peoria, IL 61614",,,
Quantum Health,716 W Main ST W,697,Sufficient,27.62
,"Peoria, IL 61603",,,
Quest High School,2503 N University ST,2339,Insufficient,30.43
,"Peoria, IL 61614",,,
Quest Middle School,2612 N Bootz AVE,2649,Insufficient,32.63
,"Peoria, IL 61604",,,
"QUINN, JOHNSTON, HENDERSON, PRETORIUS & CERULO Law Offices",227 NE Jefferson AVE,2745,Sufficient,29.46
,"Peoria, IL 61603",,,
R& B Productions,7150 N University ST,360,Sufficient,33.86
,"Peoria, IL 61614",,,
Radio Shack,4125 N Sheridan RD,349,Sufficient,27.74
,#5,,,
,"Peoria, IL 61614",,,
RAMSAY AND ASSOCIATES,8428 N Knoxville AVE,1033,Insufficient,26.52
,"Peoria, IL 61615",,,
Red Barn,621 W Glen AVE,624,Sufficient,32.63
,"Peoria, IL 61614",,,
Red Carpet Car Wash,505 NE Jefferson AVE,394,Sufficient,16.13
,"Peoria, IL 61603",,,
Red Carpet Car Wash,711 W Glen,1273,Insufficient,39.33
,"Peoria, IL 61614",,,
Red Lobster,4625 N Sterling AVE,2460,Insufficient,26.89
,"Peoria, IL 61604",,,
Red Roof Inn,1822 W War Memorial DR,5766,Insufficient,35.32
,"Peoria, IL 61614",,,
red wing shoes,4100 W Willow Knolls DR,360,Sufficient,25.91
,#c11,,,
,"Peoria, IL 61615",,,
Redeemer Luthern Church,6801 N Allen RD,2256,Insufficient,0
,"Peoria, IL 61615",,,
Reed John Oral Surgery & Dental,6714 N Frostwood PKY,1207,Insufficient,33.49
,"Peoria, IL 61615",,,
Region National Bank,210 NE Madison AVE,312,Sufficient,32.76
,"Peoria, IL 61603",,,
Regions Bank,4616 N Sterling,980,Insufficient,25.3
,"Peoria, IL 61614",,,
Relics,1219 W Glen AVE,0,Insufficient,0
,"Peoria, IL 61614",,,
Remax Traders,7227 N University ST,255,Sufficient,33.86
,"Peoria, IL 61614",,,
Renovations & Restorations,901 W Main ST,1800,Insufficient,0
,#B,,,
,"Peoria, IL 61606",,,
rescare,6746 N Frostwood PKY,382,Sufficient,29.46
,"Peoria, IL 61615",,,
Residence Inn,2000 W War Memorial DR,2799,Insufficient,38.26
,"Peoria, IL 61614",,,
Ressurrection Cemetery,7519 N Allen RD,0,Insufficient,0
,"Peoria, IL 61615",,,
Richard's On Main,311 Main ST,697,Sufficient,29.94
,"Peoria, IL 61602",,,
RICHARDS BUILDING SUPPLY CO,8710 N Pioneer RD,0,Insufficient,0
,"Peoria, IL 61615",,,
Richwoods High School,6301 N University ST,3223,Sufficient,29.7
,"Peoria, IL 61614",,,
Right Fit Alterations,2200 W War Memorial DR,158,Sufficient,29.46
,#DUO7B,,,
,"Peoria, IL 61613",,,
RIVER CITY BARBER SHOP,2524 W Farrelly AVE,597,Sufficient,35.08
,#C,,,
,"Peoria, IL 61615",,,
Riverside apartments,225 Pecan ST,1800,Insufficient,20.66
,"Peoria, IL 61605",,,
Riverside Community Church,207 NE Monroe ST,9000,Insufficient,49
,"Peoria, IL 61603",,,
Rizzi's,4613 N Sheridan RD,426,Insufficient,0
,"Peoria, IL 61614",,,
"RJS Constructors, Inc.",1030 W Olympia DR,0,Insufficient,29.21
,"Peoria, IL 61615",,,
RK Dixon,8630 N Allen RD,0,Insufficient,0
,"Peoria, IL 61615",,,
Rocket Tire,312 Edmund ST,960,Insufficient,28.23
,"Peoria, IL 61605",,,
Roeker Cabinet,6523 N Galena RD,424,Sufficient,29.47
,"Peoria, IL 61614",,,
Rogers & Holland Jewelers,2200 W War Memorial DR,311,Sufficient,28.36
,#CU10A,,,
,"Peoria, IL 61613",,,
Rogers Supply Company,610 NE Jefferson AVE,1610,Sufficient,31.66
,"Peoria, IL 61603",,,
Rogy's Day Care,6101 N Big Hollow RD,384,Sufficient,25.73
,"Peoria, IL 61614",,,
Rogy's Day Care,1221 NE Glen Oak AVE,755,Sufficient,34.8
,"Peoria, IL 61603",,,
Rogy's South Side Catholic Child Care Center,1010 W Johnson ST,0,Insufficient,0
,"Peoria, IL 61605",,,
Rolling Acres Middle School,5617 N Merrimac AVE,3068,Insufficient,33.73
,"Peoria, IL 61614",,,
Roosevelt Middle School,1704 W Aiken AVE,3989,Insufficient,32.63
,"Peoria, IL 61605",,,
Rose Medical Assc.,209 W RB Garrett,1273,Insufficient,28.84
,"Peoria, IL 61605",,,
Ross Roadhouse,3201 NE Adams ST,986,Sufficient,33
,"Peoria, IL 61603",,,
Roy Ricketts,520 E Lake AVE,1935,Sufficient,27.5
,"Peoria, IL 61614",,,
RSC Roger's Supply Co. HVAC Wholesale,616 NE Jefferson AVE,1678,Insufficient,40.82
,"Peoria, IL 61603",,,
Ruchi,7815 N Knoxville AVE,476,Insufficient,0
,#12,,,
,"Peoria, IL 61615",,,
Rue 21,2200 W War Memorial DR,602,Sufficient,30.68
,"Peoria, IL 61613",,,
Rumburger,8807 N knoxville AVE,101,Sufficient,27.62
,"Peoria, IL 61515",,,
Rumburgers,3127 N Prospect RD,900,Sufficient,37.28
,"Peoria, IL 61603",,,
Running Central,311 SW Water ST,0,Insufficient,0
,"Peoria, IL 61603",,,
Ryan's Muffler and Brake,3915 SW Adams ST,359,Sufficient,34.83
,"Peoria, IL 61605",,,
S & H Floor Covering,100 State ST,249,Sufficient,28.6
,#216,,,
,"Peoria, IL 61602",,,
Saddle Up,116 SW Jefferson AVE,753,Sufficient,31.9
,"Peoria, IL 61605",,,
Sally Beauty,9031 N Allen RD,263,Sufficient,23.59
,"Peoria, IL 61615",,,
Salt Cave,1314 W Pioneer PKY,1014,Sufficient,36.06
,#C,,,
,"Peoria, IL 61615",,,
Salvation Army Day Care,210 Spalding AVE,493,Sufficient,26.4
,"Peoria, IL 61603",,,
Salvation Army Division Office,401 NE Adams ST,854,Sufficient,27.13
,"Peoria, IL 61603",,,
Salvation Army Family Services Fites Building,414 NE Jefferson AVE,1273,Sufficient,29.7
,"Peoria, IL 61603",,,
Salvation Army Office of Veterns Affairs,416 NE Jefferson AVE,900,Sufficient,33.86
,"Peoria, IL 61603",,,
Salvation Army Shelter,417 NE Adams ST,1559,Sufficient,28.6
,"Peoria, IL 61603",,,
Sam Harris Uniform,1021 N Sheridan ST,965,Sufficient,29.33
,"Peoria, IL 61606",,,
Sam Harris Uniform,1021 N Sheridan AVE,1448,Sufficient,26.28
,"Peoria, IL 61606",,,
Sam's Club,4100 W Willow Knolls DR,2606,Sufficient,34.71
,##4,,,
,"Peoria, IL 61615",,,
Schaefer Electric,1020 SW Jefferson AVE,0,Insufficient,0
,"Peoria, IL 61605",,,
Schlarman House,707 NE Madison AVE,2338,Insufficient,0
,"Peoria, IL 61603",,,
Schnucks,10405 N Centerway ST,0,Insufficient,0
,"Peoria, IL 61615",,,
Schnucks,4800 N University ST,2608,Insufficient,42.47
,"Peoria, IL 61614",,,
Sears Dept. Store,2200 W War Memorial DR,3930,Insufficient,39.6
,#998,,,
,"Peoria, IL 61613",,,
Securitas,401 SW Water ST,419,Sufficient,29.45
,#209,,,
,"Peoria, IL 61602",,,
Security Fence Company,2022 S Griswold ST,2193,Sufficient,30.8
,"Peoria, IL 61605",,,
Sentry Security Fasteners,8208 N University ST,1146,Sufficient,30.07
,"Peoria, IL 61614",,,
Sewing Centers,4700 N University ST,750,Insufficient,31.53
,#81,,,
,Building #81,,,
,"Peoria, IL 61614",,,
Sharon Health Care South,3111 W Richwoods BLVD,1195,Insufficient,30.93
,"Peoria, IL 61604",,,
Sharon Health Care Woods,3323 W Richwoods BLVD,1383,Insufficient,32.13
,"Peoria, IL 61604",,,
Shell Gas Station,1108 W main ST,764,Sufficient,27.87
,"peoria, IL 61606",,,
Sherman Liquors,3801 N Sterling AVE,986,Sufficient,35.2
,"Peoria, IL 61604",,,
Sherman's,1215 W Glen AVE,2099,Insufficient,0
,"Peoria, IL 61614",,,
Shermoor Apartments,819 W Shermoor ST,5229,Insufficient,35
,"Peoria, IL 61614",,,
Shermoor Apartments,823 W Shermoor ST,5229,Insufficient,34
,"Peoria, IL 61614",,,
Shermoor Apartments,827 W Shermoor ST,5229,Insufficient,35
,"Peoria, IL 61614",,,
Sherwin Williams,4807 N Rockwood DR,1207,Insufficient,33
,"Peoria, IL 61615",,,
Sherwinn-Williams Paints,3416 N prospect RD,697,Sufficient,30.19
,"peoria, IL 61603",,,
Shoe Dept. Encore,2200 W War Memorial DR,720,Sufficient,31.66
,#C103A,,,
,"Peoria, IL 61613",,,
Short Stop Frye Food And Liquor,1302 E Frye AVE,1597,Insufficient,37.4
,"Peoria, IL 61603",,,
Sigma Alpha Epsilon,1512 W Bradley AVE,738,Sufficient,21.33
,"Peoria, IL 61606",,,
Sigma Chi,1408 W Fredonia AVE,1038,Insufficient,23.33
,"Peoria, IL 61606",,,
Sigma Delta Tau,1510 W Fredonia AVE,1023,Insufficient,23.33
,"Peoria, IL 61606",,,
Sigma Kappa,1418 W Fredonia AVE,854,Sufficient,23.33
,"Peoria, IL 61606",,,
Sigma Nu,1300 W Fredonia AVE,1481,Insufficient,24.33
,"Peoria, IL 61606",,,
Sigma Phi Epsilon,1522 W Fredonia AVE,1050,Insufficient,21.67
,"Peoria, IL 61606",,,
Signature Homes,7227 N University ST,270,Sufficient,33.86
,"Peoria, IL 61614",,,
Simons Mortuary,912 W John H Gwynn Jr AVE,1800,Insufficient,31.53
,"Peoria, IL 61605",,,
Simonson Apartments,1029 N University ST,1909,Sufficient,30
,"Peoria, IL 61614",,,
Skin Dimensions,4909 N Glen Park PL,359,Sufficient,28.23
,"Peoria, IL 61614",,,
"Smith & Weer, Attorney Law",456 Fulton ST,0,Insufficient,0
,"Peoria, IL 61602",,,
Smo-King Pit,2200 W War Memorial DR,0,Insufficient,0
,"Peoria, IL 61613",,,
Smoking Notes,3311 N Sterling AVE,450,Sufficient,31.41
,#20,,,
,"Peoria, IL 61604",,,
Smoking Pleasure,456 Fulton ST,134,Sufficient,20.9
,#150,,,
,"Peoria, IL 61602",,,
Smoothie King,5117 W Holiday DR,331,Insufficient,21.63
,"Peoria, IL 61615",,,
Smoothie King,4203 N Sheridan RD,764,Sufficient,29.7
,#A1-1,,,
,"Peoria, IL 61614",,,
Soderstrom Dermatology Center,4909 N Glen Park PL,42,Sufficient,30.55
,"Peoria, IL 61614",,,
Soderstrum annex building,5006 N Glen Park PL,1102,Sufficient,25.54
,"Peoria, IL 61614",,,
Soderstrum annex building,5008 N Glen Park PL,937,Sufficient,24.57
,"Peoria, IL 61614",,,
Soderstrum annex building,5010 N Glen Park PL,1102,Sufficient,25.54
,"Peoria, IL 61614",,,
Soderstrum Dermatology,4920 N Glen Park PL,1874,Sufficient,27.13
,"Peoria, IL 61614",,,
soderstrum Skin Institute,4909 N Glen Park PL,166,Sufficient,28.23
,#1,,,
,"Peoria, IL 61614",,,
Sonny's,7327 N Galena RD,1811,Insufficient,0
,"Peoria, IL 61614",,,
Souel Spa,2524 W Farrelly AVE,569,Sufficient,35.08
,"Peoria, IL 61615",,,
South Side Market,1840 S Griswold ST,882,Sufficient,32.51
,"Peoria, IL 61605",,,
SOUTH SIDE TRUST & SAVINGS BANK,8919 N Knoxville AVE,0,Insufficient,0
,"Peoria, IL 61615",,,
Southard Cycle,3324 NE adams,1135,Sufficient,27.13
,"peoria, IL 61603",,,
Southside Cleaners,121 N Macarthur HWY,305,Sufficient,27.26
,"Peoria, IL 61605",,,
Southside Office of Concern,202 NE Madison AVE,2205,Insufficient,31.29
,"Peoria, IL 61603",,,
Spa Nails,9031 N Allen RD,263,Sufficient,24.69
,"Peoria, IL 61615",,,
Spalding Pastoral Center,401 NE Madison AVE,1423,Sufficient,30.68
,"Peoria, IL 61603",,,
Sparky's Ringside Bar and Grill,1916 N Wisconsin AVE,1323,Sufficient,36.3
,"Peoria, IL 61603",,,
speed Lube,2133 N Knoxville AVE,569,Sufficient,34.1
,"Peoria, IL 61603",,,
Spencer's Gifts,2200 W War Memorial DR,297,Sufficient,30.56
,#CU08B,,,
,"Peoria, IL 61613",,,
Spirit Hallloween,5212 N Big Hollow RD,1330,Sufficient,33.86
,#A,,,
,"Peoria, IL 61614",,,
Sports Clips,4203 N Sheridan AVE,764,Sufficient,31.53
,#A1-2,,,
,"Peoria, IL 61614",,,
Sports Clips,9031 N Allen RD,374,Sufficient,24.44
,#4,,,
,"Peoria, IL 61615",,,
Spotted Cow,718 W Glen AVE,720,Sufficient,30.56
,"Peoria, IL 61614",,,
Spring Street Laundromat,411 Spring ST,624,Sufficient,29.82
,"Peoria, IL 61603",,,
Springhill Suites,2701 W Lake AVE,3431,Insufficient,38.26
,"Peoria, IL 61614",,,
Sprint,2200 W War Memorial DR,314,Sufficient,30.56
,#A109A,,,
,"Peoria, IL 61613",,,
Sprint,4700 N University ST,684,Insufficient,31.53
,#54&55,,,
,Building #54&55,,,
,"Peoria, IL 61614",,,
St Ann's Catholic Church,2105 W Ann ST,374,Sufficient,18.21
,"Peoria, IL 61605",,,
St Augustine Manor,1301 NE Glendale AVE,1800,Insufficient,32.67
,"Peoria, IL 61603",,,
St Jude Catholic School,10811 N Knoxvillle AVE,2517,Insufficient,31.9
,"Peoria, IL 61615",,,
St Marks School,711 N Underhill ST,4566,Insufficient,33
,"Peoria, IL 61606",,,
St Paul Baptist church,114 W Forrest Hill AVE,4995,Insufficient,33.86
,"Peoria, IL 61604",,,
St Paul's Episcopal Church,3601 N North ST,3220,Insufficient,34.59
,"Peoria, IL 61604",,,
St Philomena Church,1000 W Albany AVE,1347,Insufficient,36.67
,"Peoria, IL 61614",,,
St Philomenia School,3216 N Emery,3600,Insufficient,30.19
,"Peoria, IL 61604",,,
St Vincent De Paul School,6001 N University ST,3758,Insufficient,34.22
,"Peoria, IL 61614",,,
St. Marks Parish,1113 W Bradley AVE,1134,Sufficient,33
,"Peoria, IL 61606",,,
Stanley Steamer,4040 SW Adams ST,410,Sufficient,20.53
,"Peoria, IL 61605",,,
Star Crest Cleaners,3910 W Baring TRCE,0,Insufficient,0
,"Peoria, IL 61615",,,
Starbuck's,1200 W Main ST,292,Sufficient,30.56
,#23,,,
,"Peoria, IL 61606",,,
starcrest cleaners,3910 W barring trace,1663,Insufficient,30.31
,"peoria, IL 61614",,,
Starcrest Cleaners,4509 N Sheridan RD,764,Sufficient,29.21
,"Peoria, IL 61614",,,
Staybridge Suites,300 W Romeo B Garrett AVE,3727,Sufficient,33.86
,"Peoria, IL 61605",,,
Steak-N- shake,5036 N Big Hollow RD,0,Insufficient,0
,"Peoria, IL 61614",,,
Steakhouse & Fries,2200 W War Memorial DR,205,Sufficient,29.46
,#DU18B,,,
,"Peoria, IL 61613",,,
Stecher's Automotive,1006 W main ST,1242,Insufficient,33.73
,"Peoria, IL 61606",,,
Sterling Middle School,2315 N Sterling AVE,3050,Insufficient,22.73
,"Peoria, IL 61604",,,
steve's automotive,923 N garfield ST,864,Insufficient,34.8
,"Peoria, IL 61606",,,
Stop N Save,800 NE Jefferson AVE,1415,Sufficient,31.66
,"Peoria, IL 61603",,,
Stuber Land Design,6523 N Galena RD,1082,Sufficient,33.07
,"Peoria, IL 61614",,,
Subway,1307 W Glen AVE W,0,Insufficient,0
,"Peoria, IL 61614",,,
Sugar Wood-Fired Bristo & Gourmet Traeats,826 SW Adams ST,324,Sufficient,29.7
,"Peoria, IL 61605",,,
Sunguard,6523 N Galena RD,1325,Sufficient,34.27
,"Peoria, IL 61614",,,
Super 8,1816 W War Memorial DR,2362,Insufficient,33.78
,"Peoria, IL 61614",,,
Super Saver Liquors,525 N Western AVE,1664,Insufficient,37.4
,"Peoria, IL 61605",,,
Supply Works,8700 N Allen RD,2464,Insufficient,0
,"Peoria, IL 61615",,,
T-Mobile,7719 N Grand Prairie DR,571,Sufficient,30.68
,"Peoria, IL 61615",,,
Table 19,501 Main ST,300,Sufficient,27.99
,"Peoria, IL 61602",,,
TACO BELL,8711 N Knoxville AVE,657,Insufficient,0
,"Peoria, IL 61615",,,
Taco Bell,3101 N Sterling AVE,848,Insufficient,24.93
,"Peoria, IL 61604",,,
Tandy Leather,3807 N Sterling AVE,1153,Insufficient,32.63
,"Peoria, IL 61615",,,
Tannins & Hops,619 SW Water ST,1905,Sufficient,45.6
,#A,,,
,"Peoria, IL 61603",,,
Tavern on Prospect,5901 N Prospect RD,1010,Sufficient,30.8
,#10,,,
,"Peoria, IL 61614",,,
TEJ's Sports Connection,3219 NE Adams ST,986,Sufficient,27.5
,"Peoria, IL 61603",,,
Temsters Local 627,7101 N Allen RD,735,Insufficient,0
,"Peoria, IL 61614",,,
TGI Fridays,5315 W Landens WAY,624,Sufficient,25.3
,"Peoria, IL 61615",,,
TH Professional & Medical Collections LTD,2015 W Glen,433,Insufficient,25.3
,"Peoria, IL 61614",,,
the book rack,4408 N Knoxville AVE,285,Sufficient,27.26
,#2B,,,
,Building #b,,,
,"Peoria, IL 61614",,,
THE BRONZE FROG,5901 N Prospect RD,0,Insufficient,0
,#6A,,,
,"Peoria, IL 61603",,,
The Center for Prevention,720 W Joan AVE,2415,Sufficient,35.6
,"Peoria, IL 61614",,,
The Childrens Place,2200 W War Memorial DR,448,Sufficient,31.66
,#D106,,,
,"Peoria, IL 61613",,,
The Digital Store,4813 N Rockwood DR,900,Insufficient,31.53
,"Peoria, IL 61615",,,
The Fieldhouse,1200 W Main ST,426,Sufficient,29.7
,#24,,,
,"Peoria, IL 61606",,,
The Gap,2200 W War Memorial DR,677,Sufficient,31.66
,#CU06,,,
,"Peoria, IL 61613",,,
The Great Escape,5000 W Holiday DR,2700,Insufficient,36.91
,"Peoria, IL 61615",,,
The Hangover,629 E Lake AVE,1046,Insufficient,31.9
,"Peoria, IL 61614",,,
the Hillside Tap,1745 N Sheridan RD,1479,Sufficient,33
,"Peoria, IL 61604",,,
The Judge's Chamber,514 Main ST,986,Sufficient,33.73
,"Peoria, IL 61602",,,
The Last Hurrah,8811 N Knoxville AVE,285,Sufficient,35.2
,"Peoria, IL 61615",,,
The Leiter Group,309 Main ST,0,Insufficient,0
,#A,,,
,"Peoria, IL 61602",,,
The Lofts at Waterfront Place,311 SW Water ST,1619,Sufficient,33.33
,"peoria, IL 61602",,,
The Main One,718 W Main ST,468,Insufficient,0
,"peoria, IL 61606",,,
The Poor House,3410 W Willow Knolls DR,764,Sufficient,32.63
,"Peoria, IL 61615",,,
The Spot Coffee,9901 N Knoxville AVE,702,Sufficient,36.18
,"Peoria, IL 61603",,,
The Store,2514 N Sheridan RD,1365,Sufficient,30.8
,"Peoria, IL 61613",,,
The Sun Room Tanning,528 E War Memorial DR,604,Sufficient,32.14
,"peoria, IL 61614",,,
The UPS Store,2601 W Lake AVE,305,Sufficient,29.46
,#A6,,,
,"Peoria, IL 61614",,,
Theta Chi,1308 W Fredonia AVE,789,Sufficient,22.33
,"Peoria, IL 61606",,,
Theta Xi,1317 W Fredonia AVE,475,Sufficient,17.33
,"Peoria, IL 61606",,,
Thomas Boyd,1424 E Glen AVE,764,Insufficient,0
,#suite A,,,
,"Peoria, IL 61614",,,
Thomas Jefferson Primary School,918 W Florence AVE,1491,Sufficient,30.43
,"Peoria, IL 61604",,,
Timberlane Apartments,5801 N Aspen Wood DR,1350,Sufficient,30.33
,Building #10,,,
,"Peoria, IL 61615",,,
Timberlane Apartments,5803 N Aspen Wood DR,1350,Sufficient,30.33
,Building #10,,,
,"Peoria, IL 61615",,,
Timberlane Apartments,5805 N Aspen Wood DR,1350,Sufficient,30.33
,Building #10,,,
,"Peoria, IL 61615",,,
Timberlane Apartments,5807 N Aspen Wood DR,3818,Insufficient,32.33
,Building #10,,,
,"Peoria, IL 61615",,,
Timberlane Apartments,5809 N Aspen Wood DR,1350,Sufficient,30.33
,Building #10,,,
,"Peoria, IL 61615",,,
Timberlane Apartments,5811 N Aspen Wood DR,1909,Insufficient,32.33
,Building #10,,,
,"Peoria, IL 61615",,,
Timberlane Apartments,5813 N Aspen Wood DR,1909,Insufficient,31.33
,Building #10,,,
,"Peoria, IL 61615",,,
Timberlane Apartments,5815 N Aspen Wood DR,3818,Insufficient,37.33
,Building #10,,,
,"Peoria, IL 61615",,,
Timberlane Apartments,5714 N Cypress DR,1909,Insufficient,32.33
,Building #9,,,
,"Peoria, IL 61615",,,
Timberlane Apartments,5712 N Cypress DR,1909,Insufficient,32.33
,Building #9,,,
,"Peoria, IL 61615",,,
Timberlane Apartments,5710 N Cypress DR,3818,Insufficient,32.33
,Building #9,,,
,"Peoria, IL 61615",,,
Timberlane Apartments,5708 N Cypress DR,3818,Insufficient,32.33
,Building #9,,,
,"Peoria, IL 61615",,,
Timberlane Apartments,5706 N Cypress DR,3818,Insufficient,32.33
,Building #9,,,
,"Peoria, IL 61615",,,
Timberlane Apartments,5704 N Cypress DR,3818,Insufficient,32.33
,Building #9,,,
,"Peoria, IL 61615",,,
Timberlane Apartments,5702 N Cypress DR,3818,Insufficient,32.33
,Building #9,,,
,"Peoria, IL 61615",,,
Timberlane Apartments,5700 N Cypress DR,3818,Insufficient,32.33
,Building #9,,,
,"Peoria, IL 61615",,,
Timberlane Apartments,5901 N Aspen Wood DR,3818,Insufficient,32.33
,Building #11,,,
,"Peoria, IL 61615",,,
Timberlane Apartments,5903 N Aspen Wood DR,3818,Insufficient,32.33
,Building #11,,,
,"Peoria, IL 61615",,,
Timberlane Apartments,5905 N Aspen Wood DR,3818,Insufficient,32.33
,Building #11,,,
,"Peoria, IL 61615",,,
Timberlane Apartments,5907 N Aspen Wood DR,3818,Insufficient,32.33
,Building #11,,,
,"Peoria, IL 61615",,,
Timberlane Apartments,5909 N Aspen Wood DR,3818,Insufficient,32.33
,Building #11,,,
,"Peoria, IL 61615",,,
Timberlane Apartments,5911 N Aspen Wood DR,3818,Insufficient,32.33
,Building #11,,,
,"Peoria, IL 61615",,,
Timberlane Apartments,5913 N Aspen Wood DR,3818,Insufficient,32.33
,Building #11,,,
,"Peoria, IL 61615",,,
Timberlane Apartments,2900 W War Memorial DR,3818,Insufficient,32.33
,Building #Clubhouse,,,
,"Peoria, IL 61604",,,
Timberlane Apartments,6001 N Cedarcrest CT,3818,Insufficient,32.33
,Building #1,,,
,"Peoria, IL 61615",,,
Timberlane Apartments,6005 N Cedarcrest CT,3818,Insufficient,32.33
,Building #1,,,
,"Peoria, IL 61615",,,
Timberlane Apartments,6009 N Cedarcrest CT,3818,Insufficient,32.33
,Building #1,,,
,"Peoria, IL 61615",,,
Timberlane Apartments,6013 N Cedarcrest CT,3818,Insufficient,35.33
,Building #1,,,
,"Peoria, IL 61615",,,
Timberlane Apartments,5903 N Cedarcrest CT,3818,Insufficient,32.33
,Building #2,,,
,"Peoria, IL 61615",,,
Timberlane Apartments,5907 N Cedarcrest CT,0,Sufficient,33.33
,Building #2,,,
,"Peoria, IL 61615",,,
Timberlane Apartments,5911 N Cedarcrest CT,3818,Insufficient,32.33
,Building #2,,,
,"Peoria, IL 61615",,,
Timberlane Apartments,5915 N Cedarcrest CT,3818,Insufficient,32.33
,Building #2,,,
,"Peoria, IL 61615",,,
Timberlane Apartments,5900 N Cypress DR,3307,Insufficient,32
,Building #3,,,
,"Peoria, IL 61615",,,
Timberlane Apartments,5904 N Cypress DR,3818,Insufficient,32.33
,Building #3,,,
,"Peoria, IL 61615",,,
Timberlane Apartments,5908 N Cypress DR,3818,Insufficient,32.33
,Building #3,,,
,"Peoria, IL 61615",,,
Timberlane Apartments,5912 N Cypress DR,3818,Insufficient,32.33
,Building #3,,,
,"Peoria, IL 61615",,,
Timberlane Apartments,5933 N Cypress DR,3818,Insufficient,32.33
,Building #4,,,
,"Peoria, IL 61615",,,
Timberlane Apartments,5929 N Cypress DR,3818,Insufficient,32.33
,Building #4,,,
,"Peoria, IL 61615",,,
Timberlane Apartments,5925 N Cypress DR,3818,Insufficient,32.33
,Building #4,,,
,"Peoria, IL 61615",,,
Timberlane Apartments,5921 N Cypress DR,3818,Insufficient,32.33
,Building #4,,,
,"Peoria, IL 61615",,,
Timberlane Apartments,5829 N Rosewood DR,3818,Insufficient,32.33
,Building #5,,,
,"Peoria, IL 61615",,,
Timberlane Apartments,5825 N Rosewood DR,3818,Insufficient,32.33
,Building #5,,,
,"Peoria, IL 61615",,,
Timberlane Apartments,5821 N Rosewood DR,3818,Insufficient,33.33
,Building #5,,,
,"Peoria, IL 61615",,,
Timberlane Apartments,5817 N Rosewood DR,3818,Insufficient,32.33
,Building #5,,,
,"Peoria, IL 61615",,,
Timberlane Apartments,5820 N Lindenwood DR,3818,Insufficient,32.33
,Building #6,,,
,"Peoria, IL 61615",,,
Timberlane Apartments,5824 N Lindenwood DR,3818,Insufficient,31.67
,Building #6,,,
,"Peoria, IL 61615",,,
Timberlane Apartments,5828 N Lindenwood DR,3885,Insufficient,33.33
,Building #6,,,
,"Peoria, IL 61615",,,
Timberlane Apartments,5832 N Lindenwood DR,3818,Insufficient,32.33
,Building #6,,,
,"Peoria, IL 61615",,,
Timberlane Apartments,5813 N Lindenwood DR,3818,Insufficient,32.33
,Building #7,,,
,"Peoria, IL 61615",,,
Timberlane Apartments,5809 N Lindenwood DR,3818,Insufficient,32.33
,Building #7,,,
,"Peoria, IL 61615",,,
Timberlane Apartments,5805 N Lindenwood DR,3818,Insufficient,32.33
,Building #7,,,
,"Peoria, IL 61615",,,
Timberlane Apartments,5801 N Lindenwood DR,3818,Insufficient,32.33
,Building #7,,,
,"Peoria, IL 61615",,,
Timberlane Apartments,5801 N Cypress DR,3818,Insufficient,32.33
,Building #8,,,
,"Peoria, IL 61615",,,
Timberlane Apartments,5803 N Cypress DR,3818,Insufficient,32.33
,Building #8,,,
,"Peoria, IL 61615",,,
Timberlane Apartments,5805 N Cypress DR,3818,Insufficient,32.33
,Building #8,,,
,"Peoria, IL 61615",,,
Timberlane Apartments,5807 N Cypress DR,3818,Insufficient,32.33
,Building #8,,,
,"Peoria, IL 61615",,,
Timberlane Apartments,5809 N Cypress DR,3818,Insufficient,32.33
,Building #8,,,
,"Peoria, IL 61615",,,
Timberlane Apartments,5811 N Cypress DR,3818,Insufficient,32.33
,Building #8,,,
,"Peoria, IL 61615",,,
Timberlane Apartments,5813 N Cypress DR,3818,Insufficient,32.33
,Building #8,,,
,"Peoria, IL 61615",,,
Timberlane Apartments,5815 N Cypress DR,3818,Insufficient,32.33
,Building #8,,,
,"Peoria, IL 61615",,,
TJ Vape and Wireless,3223 NE Adams ST,1620,Sufficient,27.62
,"Peoria, IL 61603",,,
Torrid,2200 W War Memorial DR,419,Sufficient,30.56
,#A109A,,,
,"Peoria, IL 61613",,,
Touch of Class,4125 N Sheridan RD,305,Sufficient,24.57
,#3,,,
,"Peoria, IL 61614",,,
Touch of Class,4125 N Sheridan RD,305,Sufficient,27.62
,"Peoria, IL 61614",,,
Town House Motel,1519 N Knoxville AVE,2546,Insufficient,40.46
,"Peoria, IL 61603",,,
Trade Home Shoes,2200 W War Memorial DR,291,Sufficient,30.56
,#DU13B,,,
,"Peoria, IL 61613",,,
Training Domain,3611 W Willow Knolls RD,864,Insufficient,33.85
,"Peoria, IL 61615",,,
Trewyn K-8 School,1419 S Folkers AVE,2192,Sufficient,30.43
,"Peoria, IL 61605",,,
Tricounty Urban League,317 S Macarthur HWY,661,Sufficient,25.06
,"Peoria, IL 61605",,,
Trust Detweiller,2 Caroline,765,Sufficient,18.33
,"Peoria, IL 61602",,,
Tuffentsamer Law Firm,1022 N Sheridan ST,952,Sufficient,33.73
,"Peoria, IL 61606",,,
Two 25,225 NE Adams ST,419,Sufficient,26.89
,"Peoria, IL 61602",,,
Two Chez Restaurant,7815 N Knoxville AVE,764,Sufficient,35.2
,#5,,,
,"Peoria, IL 61614",,,
Tyng School,2212 W Ann ST,3372,Insufficient,32.63
,"Peoria, IL 61605",,,
U-Haul,8400 N Allen RD,0,Insufficient,0
,"Peoria, IL 61615",,,
U-Haul,4400 N Brandywine DR,5306,Insufficient,37.16
,"Peoria, IL 61614",,,
U. S. Post Office,715 W Glen,871,Sufficient,28.23
,"Peoria, IL 61614",,,
U.S. CELLULAR,1612 W Pioneer PKY,0,Insufficient,0
,"Peoria, IL 61615",,,
UFS,1819 SW Adams ST,1559,Sufficient,29.7
,"Peoria, IL 61605",,,
Ulrich's Rebellion Room,631 Main ST,900,Sufficient,36.06
,"Peoria, IL 61602",,,
Ultimate Tan,3908 W Barring Trace RD,2277,Insufficient,44.86
,"Peoria, IL 61614",,,
Uniformly Perfect,3705 N Sterling,697,Insufficient,32.27
,"Peoria, IL 61615",,,
United Refrigeration Corp,422 NE Adams ST,1930,Sufficient,33
,"Peoria, IL 61603",,,
Unity Point Clinic,8914 N Knoxville AVE,837,Sufficient,31.66
,"Peoria, IL 61614",,,
Unity Point College,7600 N Academic DR,2161,Sufficient,26.77
,"Peoria, IL 61615",,,
Unity Point Methodist Physician Billing Department,120 NE Glen Oak AVE,356,Sufficient,23.83
,"Peoria, IL 61603",,,
Unity-Point Methodist Care Integration and Clinical Excellance,120 NE Glen Oak AVE,815,Sufficient,29.7
,"Peoria, IL 61603",,,
Unity-Point Mthhodist Finance office,120 NE Glen Oak AVE,593,Sufficient,24.2
,"Peoria, IL 61603",,,
Unlimited Tanning,1119 W Glen AVE,952,Insufficient,0
,"Peoria, IL 61614",,,
UNTAMED CHEF,7338 N UNIVERSITY,468,Sufficient,25.91
,"Peoria, IL 61614",,,
Vacant,2200 W War Memorial DR,247,Sufficient,25.3
,#DU14A,,,
,"Peoria, IL 61613",,,
Vacant (between Wok and entrance),2200 W War Memorial DR,144,Sufficient,29.46
,#CUD6E,,,
,"Peoria, IL 61613",,,
vacant (Former Driving School),2200 W War Memorial DR,275,Sufficient,25.42
,#CU13,,,
,"Peoria, IL 61613",,,
Vacant Business,2005 N Knoxville AVE,882,Sufficient,26.89
,"Peoria, IL 61603",,,
Vacant space,2200 W War Memorial DR,202,Sufficient,21.51
,#DU07A,,,
,"Peoria, IL 61613",,,
Vacant Warehouse,9000 N Industrial RD,0,Insufficient,0
,"Peoria, IL 61615",,,
Valeska Hinton Primary School,800 W Romeo B Garrett AVE,1506,Insufficient,31.53
,"Peoria, IL 61605",,,
Valley Park Shopping Center,200 N Mac Arthur HWY,0,Insufficient,0
,"Peoria, IL 61605",,,
Vanity,2200 W War Memorial DR,431,Sufficient,31.66
,#D107,,,
,"Peoria, IL 61613",,,
Verizon,2401 W Pioneer PKY,724,Sufficient,22.86
,"Peoria, IL 61614",,,
Verizon Digital Store,10408 N Centerway DR,414,Sufficient,27.5
,#I & J,,,
,"Peoria, IL 61615",,,
Verkler,2702 SW Jefferson AVE,1115,Insufficient,0
,"Peoria, IL 61605",,,
Verlo Mattress Company,4538 N Brandywine DR,2259,Insufficient,30.8
,"Peoria, IL 61614",,,
Versailles Hamlet Apartments,935 W Loire CT,4677,Insufficient,34
,"Peoria, IL 61614",,,
Versailles Hamlet Apartments,927 W Loire CT,4677,Insufficient,34
,"Peoria, IL 61614",,,
Versailles Hamlet Apartments,929 W Loire CT,4677,Insufficient,35
,"Peoria, IL 61614",,,
Versailles Hamlet Apartments,931 W Loire CT,4677,Insufficient,35
,"Peoria, IL 61614",,,
Versailles Hamlet Apartments,903 W Loire CT,4677,Insufficient,34
,"Peoria, IL 61614",,,
Versailles Hamlet Apartments,907 W Loire CT,4677,Insufficient,34
,"Peoria, IL 61614",,,
Versailles Hamlet Apartments,911 W Loire CT,4677,Insufficient,34
,"Peoria, IL 61614",,,
Versailles Hamlet Apartments,920 W Loire CT,4677,Insufficient,33.33
,"Peoria, IL 61614",,,
Versailles Hamlet Apartments,924 W Loire CT,4677,Insufficient,34
,"Peoria, IL 61614",,,
Versailles Hamlet Apartments,926 W Loire CT,4677,Insufficient,34
,"Peoria, IL 61614",,,
Veterans Haven,711 NE Monroe ST,1175,Sufficient,30.8
,"Peoria, IL 61603",,,
Veterans Pub & Pizza,2525 NE Adams ST,1146,Sufficient,33
,"Peoria, IL 61603",,,
Victoria's Secret,2200 W War Memorial DR,561,Sufficient,29.21
,#C101,,,
,"Peoria, IL 61613",,,
Visioncare,4900 N Glen Park PL,1358,Sufficient,32.63
,#C,,,
,"Peoria, IL 61614",,,
Von Steuben Middle School,801 E Forrest Hill AVE,3061,Insufficient,33.73
,"Peoria, IL 61603",,,
Wal-Mart,8915 N Allen RD,3253,Insufficient,29.7
,"Peoria, IL 61615",,,
WalGreens,2515 N Knoxville AVE,1046,Sufficient,26.4
,"Peoria, IL 61603",,,
WalGreens,3524 N University ST,837,Sufficient,29.7
,"Peoria, IL 61614",,,
WalGreens,4814 N Sheridan RD,1026,Insufficient,26.64
,"Peoria, IL 61614",,,
WalGreens,2324 W War Memorial DR,1107,Insufficient,28.84
,"Peoria, IL 61604",,,
WalGreens #06604,1919 W Pioneer PKY,1083,Sufficient,27.13
,"Peoria, IL 61615",,,
Walk2class,842 W Moss AVE,2546,Insufficient,30.33
,"Peoria, IL 61606",,,
Walk2class,844 W Moss AVE,1451,Insufficient,31.67
,"Peoria, IL 61606",,,
Walk2class,900 W Moss AVE,2546,Insufficient,30.33
,"Peoria, IL 61606",,,
Washington Middle School,3706 N Grand BLVD,1299,Sufficient,30.43
,"Peoria, IL 61603",,,
Water Street Solutions,601 SW Water ST,2546,Sufficient,31.66
,"Peoria, IL 61602",,,
Water Works Car Wash,2145 N Knoxville AVE,239,Sufficient,25.3
,"Peoria, IL 61604",,,
WD Boyce Boy Scouts,614 NE Madison AVE,1394,Sufficient,31.9
,"Peoria, IL 61603",,,
Wendy's Coins,3223 N Prospect RD,255,Sufficient,31.04
,"Peoria, IL 61603",,,
WENDY'S EYEGLASS SHACK,8424 N Knoxville AVE,597,Sufficient,28.97
,"Peoria, IL 61615",,,
Wendy's Restaurant,5001 N Big Hollow RD,1416,Sufficient,30.31
,"Peoria, IL 61614",,,
Western Liquors,712 S Western AVE,1610,Insufficient,37.4
,"Peoria, IL 61605",,,
Whalen's Auto Center,1000 W main ST,1050,Sufficient,35.57
,#auto,,,
,"Peoria, IL 61606",,,
White Oak Knolls,2101 W Willow Knolls DR,1479,Sufficient,22.33
,"Peoria, IL 61615",,,
Whitey's Tip Top Inn,2601 N Sheridan RD,1273,Insufficient,43.14
,"Peoria, IL 61614",,,
Whittier Primary School,1619 W Fredonia AVE,3208,Insufficient,32.63
,"Peoria, IL 61606",,,
Wingate by Wyndam,7708 N State Route 91,1602,Sufficient,30.56
,"Peoria, IL 61615",,,
WMBD 31,3131 N University ST,2205,Insufficient,32.51
,"Peoria, IL 61614",,,
Woodland Baptist Church,6915 N Allen RD,0,Insufficient,0
,"Peoria, IL 61615",,,
Woodrow Wilson,1907 W Forrest Hill AVE,2907,Insufficient,34.83
,"Peoria, IL 61604",,,
Woodruff High School,1800 NE Perry AVE,5779,Insufficient,32.63
,"Peoria, IL 61603",,,
Woodsage Apts,5322 N Woodsage,1686,Insufficient,29.67
,"Peoria, IL 61615",,,
World Finance Corporation,201 E Lake AVE,569,Sufficient,35.08
,#C4,,,
,"Peoria, IL 61614",,,
World of Powersports,2100 W Pioneer PKY,2252,Sufficient,27.13
,"Peoria, IL 61615",,,
Youngs Shoe Repair,619 W Glen AVE,171,Insufficient,0
,"Peoria, IL 61614",,,
Zales,2200 W War Memorial DR,334,Insufficient,0
,#A107,,,
,"Peoria, IL 61613",,,
"ZUMBALT & ASSOCIATES, INC.",1040 W Olympia DR,882,Insufficient,27.87
,"Peoria, IL 61615",,,
Zumiez,2200 W War Memorial DR,525,Sufficient,30.56
,#B105,,,
,"Peoria, IL 61613",,,
